{
  "metadata": {
    "forum_id": "SkxBUpEKwH",
    "review_id": "rkeqvIaJor",
    "rebuttal_id": "B1lphCIxoB",
    "title": "Vid2Game: Controllable Characters Extracted from Real-World Videos",
    "reviewer": "AnonReviewer4",
    "rating": 6,
    "conference": "ICLR2020",
    "permalink": "https://openreview.net/forum?id=SkxBUpEKwH&noteId=B1lphCIxoB",
    "annotator": "anno8"
  },
  "review_sentences": [
    {
      "review_id": "rkeqvIaJor",
      "sentence_index": 0,
      "text": "The paper presents an approach to extract a character from a video and then maneuver that character in the plane, optionally with other backgrounds.",
      "suffix": "",
      "review_action": "arg_structuring",
      "fine_review_action": "arg-structuring_summary",
      "aspect": "none",
      "polarity": "none"
    },
    {
      "review_id": "rkeqvIaJor",
      "sentence_index": 1,
      "text": "The character is then redrawn into the background with a neural net, and all of this is done in real time.",
      "suffix": "\n\n",
      "review_action": "arg_fact",
      "fine_review_action": "none",
      "aspect": "none",
      "polarity": "none"
    },
    {
      "review_id": "rkeqvIaJor",
      "sentence_index": 2,
      "text": "All in all, this paper was well structured and extensively detailed wrt how it engineered this solution (and why).",
      "suffix": "",
      "review_action": "arg_evaluative",
      "fine_review_action": "none",
      "aspect": "asp_clarity",
      "polarity": "pol_positive"
    },
    {
      "review_id": "rkeqvIaJor",
      "sentence_index": 3,
      "text": "If I had a complaint, it would be that I did not learn anything scientifically from the paper.",
      "suffix": "",
      "review_action": "arg_evaluative",
      "fine_review_action": "none",
      "aspect": "asp_substance",
      "polarity": "pol_negative"
    },
    {
      "review_id": "rkeqvIaJor",
      "sentence_index": 4,
      "text": "There isn't a tested hypothesis, but rather it's a feat of engineering to get this to work.",
      "suffix": "",
      "review_action": "arg_evaluative",
      "fine_review_action": "none",
      "aspect": "asp_motivation-impact",
      "polarity": "pol_negative"
    },
    {
      "review_id": "rkeqvIaJor",
      "sentence_index": 5,
      "text": "Those are important as well for the field, and I suspect that this direction could be pushed a lot more.",
      "suffix": "",
      "review_action": "arg_evaluative",
      "fine_review_action": "none",
      "aspect": "asp_motivation-impact",
      "polarity": "pol_positive"
    },
    {
      "review_id": "rkeqvIaJor",
      "sentence_index": 6,
      "text": "For example, it's not close to getting realistic spatial movement relative to the plane nor is the control that impressive wrt limbs.",
      "suffix": "",
      "review_action": "arg_evaluative",
      "fine_review_action": "none",
      "aspect": "asp_substance",
      "polarity": "pol_negative"
    },
    {
      "review_id": "rkeqvIaJor",
      "sentence_index": 7,
      "text": "However, as a next-contribution, this work deserves to be seen more widely.",
      "suffix": "\n\n",
      "review_action": "arg_evaluative",
      "fine_review_action": "none",
      "aspect": "asp_motivation-impact",
      "polarity": "pol_positive"
    },
    {
      "review_id": "rkeqvIaJor",
      "sentence_index": 8,
      "text": "Hence, I rate it as a weak accept.",
      "suffix": "",
      "review_action": "arg_social",
      "fine_review_action": "none",
      "aspect": "none",
      "polarity": "none"
    }
  ],
  "rebuttal_sentences": [
    {
      "review_id": "rkeqvIaJor",
      "rebuttal_id": "B1lphCIxoB",
      "sentence_index": 0,
      "text": "We agree with most of the comments.",
      "suffix": "",
      "rebuttal_stance": "concur",
      "rebuttal_action": "rebuttal_concede-criticism",
      "alignment": [
        "context_global",
        null
      ],
      "details": {}
    }
  ]
}