{
  "metadata": {
    "forum_id": "rkgyS0VFvr",
    "review_id": "BJl5fZS6YS",
    "rebuttal_id": "r1gTFFSnor",
    "title": "DBA: Distributed Backdoor Attacks against Federated Learning",
    "reviewer": "AnonReviewer2",
    "rating": 6,
    "conference": "ICLR2020",
    "permalink": "https://openreview.net/forum?id=rkgyS0VFvr&noteId=r1gTFFSnor",
    "annotator": "anno10"
  },
  "review_sentences": [
    {
      "review_id": "BJl5fZS6YS",
      "sentence_index": 0,
      "text": "This paper studies backdoor attacks under federated learning setting.",
      "suffix": "",
      "review_action": "arg_structuring",
      "fine_review_action": "arg-structuring_summary",
      "aspect": "none",
      "polarity": "none"
    },
    {
      "review_id": "BJl5fZS6YS",
      "sentence_index": 1,
      "text": "To inject a certain backdoor pattern, existing work generate poisoning samples by blending the same pattern with different input samples.",
      "suffix": "",
      "review_action": "arg_structuring",
      "fine_review_action": "arg-structuring_summary",
      "aspect": "none",
      "polarity": "none"
    },
    {
      "review_id": "BJl5fZS6YS",
      "sentence_index": 2,
      "text": "Even for federated learning where the adversary can control multiple parties, such as [1], all parties still use the same global backdoor pattern to generate poisoning samples locally.",
      "suffix": "",
      "review_action": "arg_structuring",
      "fine_review_action": "arg-structuring_summary",
      "aspect": "none",
      "polarity": "none"
    },
    {
      "review_id": "BJl5fZS6YS",
      "sentence_index": 3,
      "text": "On the contrary, in this work, they decompose the global pattern into several small local patterns, and each adversarial party only uses a local pattern to generate poisoning samples.",
      "suffix": "",
      "review_action": "arg_structuring",
      "fine_review_action": "arg-structuring_summary",
      "aspect": "none",
      "polarity": "none"
    },
    {
      "review_id": "BJl5fZS6YS",
      "sentence_index": 4,
      "text": "In their evaluation, they show that the backdoor attacks generated in this way are more effective, resilient to benign model parameter updates, and also survive better against existing defense algorithms against attacks in federated learning settings.",
      "suffix": "\n\n",
      "review_action": "arg_structuring",
      "fine_review_action": "arg-structuring_summary",
      "aspect": "none",
      "polarity": "none"
    },
    {
      "review_id": "BJl5fZS6YS",
      "sentence_index": 5,
      "text": "I think the topic studied in this paper is very important and meaningful, and I am convinced that by decomposing a global pattern into several smaller local pieces, the model parameter updates computed by each party should be more similar to benign updates and thus can better bypass the defense algorithms.",
      "suffix": "",
      "review_action": "arg_evaluative",
      "fine_review_action": "none",
      "aspect": "asp_motivation-impact",
      "polarity": "pol_positive"
    },
    {
      "review_id": "BJl5fZS6YS",
      "sentence_index": 6,
      "text": "Meanwhile, the evaluation is pretty comprehensive and it is good to see that the conducted backdoor attacks are effective.",
      "suffix": "",
      "review_action": "arg_evaluative",
      "fine_review_action": "none",
      "aspect": "asp_substance",
      "polarity": "pol_positive"
    },
    {
      "review_id": "BJl5fZS6YS",
      "sentence_index": 7,
      "text": "However, when there is no defense deployed in the training process, it is not intuitive to see why the proposed attack is more effective and persistent than the centralized attack, given that a smaller trigger usually results in a worse attack performance.",
      "suffix": "",
      "review_action": "arg_evaluative",
      "fine_review_action": "none",
      "aspect": "asp_soundness-correctness",
      "polarity": "pol_negative"
    },
    {
      "review_id": "BJl5fZS6YS",
      "sentence_index": 8,
      "text": "Thus, I would like to see more possible explanation on it.",
      "suffix": "",
      "review_action": "arg_request",
      "fine_review_action": "arg-request_explanation",
      "aspect": "asp_soundness-correctness",
      "polarity": "pol_negative"
    },
    {
      "review_id": "BJl5fZS6YS",
      "sentence_index": 9,
      "text": "Specifically, I have the following questions for clarification:",
      "suffix": "\n\n",
      "review_action": "arg_structuring",
      "fine_review_action": "arg-structuring_heading",
      "aspect": "none",
      "polarity": "none"
    },
    {
      "review_id": "BJl5fZS6YS",
      "sentence_index": 10,
      "text": "1. For the evaluation of DBA, I assume that there are 4 adversarial parties, controlling each of the 4 local triggers. When using centralized attacks, are there still 4 adversarial parties, although they share the same global trigger, or if there is only 1 adversarial party?",
      "suffix": "\n\n",
      "review_action": "arg_request",
      "fine_review_action": "arg-request_clarification",
      "aspect": "asp_replicability",
      "polarity": "pol_negative"
    },
    {
      "review_id": "BJl5fZS6YS",
      "sentence_index": 11,
      "text": "2. To evaluate A-S setting, I understand that it may be tricky to enable a fair comparison between the centralized attack and DBA.",
      "suffix": "",
      "review_action": "arg_fact",
      "fine_review_action": "none",
      "aspect": "none",
      "polarity": "none"
    },
    {
      "review_id": "BJl5fZS6YS",
      "sentence_index": 12,
      "text": "However, one explanation of why DBA is more persistent in this case is because the adversarial parameter updates happen 4x times compared to the centralized attack.",
      "suffix": "",
      "review_action": "arg_fact",
      "fine_review_action": "none",
      "aspect": "none",
      "polarity": "none"
    },
    {
      "review_id": "BJl5fZS6YS",
      "sentence_index": 13,
      "text": "Therefore, another baseline to check is to conduct centralized attacks with the same number of times as DBA, but each update includes 1/4 number of poisoning samples, so that the total number of poisoning samples included to compute the gradient update still stays the same.",
      "suffix": "\n\n",
      "review_action": "arg_fact",
      "fine_review_action": "none",
      "aspect": "none",
      "polarity": "none"
    },
    {
      "review_id": "BJl5fZS6YS",
      "sentence_index": 14,
      "text": "3. Can the authors show if the decomposition is also useful for trigger patterns that are not necessarily regular shapes?",
      "suffix": "",
      "review_action": "arg_request",
      "fine_review_action": "arg-request_experiment",
      "aspect": "asp_substance",
      "polarity": "pol_negative"
    },
    {
      "review_id": "BJl5fZS6YS",
      "sentence_index": 15,
      "text": "For backdoor attacks, a line of work studies physical triggers, e.g., glasses in [2].",
      "suffix": "",
      "review_action": "arg_fact",
      "fine_review_action": "none",
      "aspect": "none",
      "polarity": "none"
    },
    {
      "review_id": "BJl5fZS6YS",
      "sentence_index": 16,
      "text": "It is not natural to decompose such kind of patterns into several smaller pieces, unless the performance is significantly boosted.",
      "suffix": "\n\n",
      "review_action": "arg_evaluative",
      "fine_review_action": "none",
      "aspect": "asp_soundness-correctness",
      "polarity": "pol_negative"
    },
    {
      "review_id": "BJl5fZS6YS",
      "sentence_index": 17,
      "text": "4. Can the authors show concrete examples on how the attacks are generated?",
      "suffix": "",
      "review_action": "arg_request",
      "fine_review_action": "arg-request_explanation",
      "aspect": "asp_replicability",
      "polarity": "pol_negative"
    },
    {
      "review_id": "BJl5fZS6YS",
      "sentence_index": 18,
      "text": "The details are especially unclear on LOAN.",
      "suffix": "",
      "review_action": "arg_evaluative",
      "fine_review_action": "none",
      "aspect": "asp_replicability",
      "polarity": "pol_negative"
    },
    {
      "review_id": "BJl5fZS6YS",
      "sentence_index": 19,
      "text": "Specifically, which features are perturbed, what are the values assigned as the trigger, and what is the corresponding target label?",
      "suffix": "\n\n",
      "review_action": "arg_request",
      "fine_review_action": "arg-request_clarification",
      "aspect": "asp_replicability",
      "polarity": "pol_negative"
    },
    {
      "review_id": "BJl5fZS6YS",
      "sentence_index": 20,
      "text": "[1]  Bagdasaryan et al., How to backdoor federated learning.",
      "suffix": "\n",
      "review_action": "arg_other",
      "fine_review_action": "none",
      "aspect": "none",
      "polarity": "none"
    },
    {
      "review_id": "BJl5fZS6YS",
      "sentence_index": 21,
      "text": "[2] Chen et al., Targeted Backdoor Attacks on Deep Learning Systems Using Data Poisoning.",
      "suffix": "\n\n",
      "review_action": "arg_other",
      "fine_review_action": "none",
      "aspect": "none",
      "polarity": "none"
    },
    {
      "review_id": "BJl5fZS6YS",
      "sentence_index": 22,
      "text": "------------",
      "suffix": "\n",
      "review_action": "arg_structuring",
      "fine_review_action": "arg-structuring_heading",
      "aspect": "none",
      "polarity": "none"
    },
    {
      "review_id": "BJl5fZS6YS",
      "sentence_index": 23,
      "text": "Post-rebuttal comments",
      "suffix": "\n\n",
      "review_action": "arg_structuring",
      "fine_review_action": "arg-structuring_heading",
      "aspect": "none",
      "polarity": "none"
    },
    {
      "review_id": "BJl5fZS6YS",
      "sentence_index": 24,
      "text": "I appreciate the authors' great effort to address my concerns! I think the evaluation in the current version of the paper is pretty comprehensive and provides a valuable study, and I am happy to raise my score accordingly.",
      "suffix": "\n",
      "review_action": "arg_evaluative",
      "fine_review_action": "none",
      "aspect": "asp_substance",
      "polarity": "pol_positive"
    },
    {
      "review_id": "BJl5fZS6YS",
      "sentence_index": 25,
      "text": "-------------",
      "suffix": "",
      "review_action": "arg_other",
      "fine_review_action": "none",
      "aspect": "none",
      "polarity": "none"
    }
  ],
  "rebuttal_sentences": [
    {
      "review_id": "BJl5fZS6YS",
      "rebuttal_id": "r1gTFFSnor",
      "sentence_index": 0,
      "text": "We thank the reviewer for the valuable review comments and suggestions! Please find our point-by-point response as follows.",
      "suffix": "\n\n",
      "rebuttal_stance": "nonarg",
      "rebuttal_action": "rebuttal_social",
      "alignment": [
        "context_global",
        null
      ],
      "details": {}
    },
    {
      "review_id": "BJl5fZS6YS",
      "rebuttal_id": "r1gTFFSnor",
      "sentence_index": 1,
      "text": "Q1: Is there only 1 adversarial party?",
      "suffix": "\n",
      "rebuttal_stance": "nonarg",
      "rebuttal_action": "rebuttal_structuring",
      "alignment": [
        "context_sentences",
        [
          10
        ]
      ],
      "details": {}
    },
    {
      "review_id": "BJl5fZS6YS",
      "rebuttal_id": "r1gTFFSnor",
      "sentence_index": 2,
      "text": "A1: There is only one adversarial party in centralized attack.",
      "suffix": "",
      "rebuttal_stance": "concur",
      "rebuttal_action": "rebuttal_answer",
      "alignment": [
        "context_sentences",
        [
          10
        ]
      ],
      "details": {}
    },
    {
      "review_id": "BJl5fZS6YS",
      "rebuttal_id": "r1gTFFSnor",
      "sentence_index": 3,
      "text": "But we make sure that the total injected triggers (e.g., modified pixels) of DBA attackers is close to and even less than that of the centralized attacker.",
      "suffix": "",
      "rebuttal_stance": "concur",
      "rebuttal_action": "rebuttal_answer",
      "alignment": [
        "context_sentences",
        [
          10
        ]
      ],
      "details": {}
    },
    {
      "review_id": "BJl5fZS6YS",
      "rebuttal_id": "r1gTFFSnor",
      "sentence_index": 4,
      "text": "We stressed this setup in Section 3.2.",
      "suffix": "",
      "rebuttal_stance": "concur",
      "rebuttal_action": "rebuttal_answer",
      "alignment": [
        "context_sentences",
        [
          10
        ]
      ],
      "details": {}
    },
    {
      "review_id": "BJl5fZS6YS",
      "rebuttal_id": "r1gTFFSnor",
      "sentence_index": 5,
      "text": "That is, the ratio of the global trigger of DBA pixels to the centralized is 0.992 for LOAN, 0.964 for MNIST, 0.990 for CIFAR and 0.991 for Tiny-imagenet.",
      "suffix": "\n\n",
      "rebuttal_stance": "concur",
      "rebuttal_action": "rebuttal_answer",
      "alignment": [
        "context_sentences",
        [
          10
        ]
      ],
      "details": {}
    },
    {
      "review_id": "BJl5fZS6YS",
      "rebuttal_id": "r1gTFFSnor",
      "sentence_index": 6,
      "text": "Q2: What\u2019s the result for centralized attacks with the same number of scaling times as DBA, but each update includes 1/4 number of poisoning samples?",
      "suffix": "\n",
      "rebuttal_stance": "nonarg",
      "rebuttal_action": "rebuttal_structuring",
      "alignment": [
        "context_sentences",
        [
          11,
          12,
          13
        ]
      ],
      "details": {}
    },
    {
      "review_id": "BJl5fZS6YS",
      "rebuttal_id": "r1gTFFSnor",
      "sentence_index": 7,
      "text": "A2: Following your suggestion, we conducted two sets of new experiments.",
      "suffix": "\n",
      "rebuttal_stance": "concur",
      "rebuttal_action": "rebuttal_done",
      "alignment": [
        "context_sentences",
        [
          11,
          12,
          13
        ]
      ],
      "details": {
        "request_out_of_scope": true
      }
    },
    {
      "review_id": "BJl5fZS6YS",
      "rebuttal_id": "r1gTFFSnor",
      "sentence_index": 8,
      "text": "1. Change the poison ratio into 1/4: We decrease the fraction of backdoored samples added per training batch into 1/4.",
      "suffix": "\n",
      "rebuttal_stance": "nonarg",
      "rebuttal_action": "rebuttal_summary",
      "alignment": [
        "context_sentences",
        [
          11,
          12,
          13
        ]
      ],
      "details": {}
    },
    {
      "review_id": "BJl5fZS6YS",
      "rebuttal_id": "r1gTFFSnor",
      "sentence_index": 9,
      "text": "2. Change the data size into 1/4: We divide the local dataset into 4 parts and use 1/4 dataset for each update and keep the poison ratio unchanged.",
      "suffix": "\n",
      "rebuttal_stance": "nonarg",
      "rebuttal_action": "rebuttal_summary",
      "alignment": [
        "context_sentences",
        [
          11,
          12,
          13
        ]
      ],
      "details": {}
    },
    {
      "review_id": "BJl5fZS6YS",
      "rebuttal_id": "r1gTFFSnor",
      "sentence_index": 10,
      "text": "We have included the results and discussion in Appendix A.4 of the revised version.",
      "suffix": "\n\n",
      "rebuttal_stance": "concur",
      "rebuttal_action": "rebuttal_done",
      "alignment": [
        "context_sentences",
        [
          11,
          12,
          13
        ]
      ],
      "details": {
        "request_out_of_scope": true
      }
    },
    {
      "review_id": "BJl5fZS6YS",
      "rebuttal_id": "r1gTFFSnor",
      "sentence_index": 11,
      "text": "Q3: If the decomposition is also useful for trigger patterns that are not necessarily regular shapes?",
      "suffix": "\n",
      "rebuttal_stance": "nonarg",
      "rebuttal_action": "rebuttal_structuring",
      "alignment": [
        "context_sentences",
        [
          14,
          15,
          16
        ]
      ],
      "details": {}
    },
    {
      "review_id": "BJl5fZS6YS",
      "rebuttal_id": "r1gTFFSnor",
      "sentence_index": 12,
      "text": "A3: It\u2019s also useful for irregular shape triggers.",
      "suffix": "\n",
      "rebuttal_stance": "nonarg",
      "rebuttal_action": "rebuttal_summary",
      "alignment": [
        "context_sentences",
        [
          14,
          15,
          16
        ]
      ],
      "details": {}
    },
    {
      "review_id": "BJl5fZS6YS",
      "rebuttal_id": "r1gTFFSnor",
      "sentence_index": 13,
      "text": "1. We study the irregular pixel logo \u2018ICLR\u2019 for three image datasets.",
      "suffix": "",
      "rebuttal_stance": "nonarg",
      "rebuttal_action": "rebuttal_summary",
      "alignment": [
        "context_sentences",
        [
          14,
          15,
          16
        ]
      ],
      "details": {}
    },
    {
      "review_id": "BJl5fZS6YS",
      "rebuttal_id": "r1gTFFSnor",
      "sentence_index": 14,
      "text": "Specifically, we use \u2018ICLR\u2019 as the global trigger pattern and decompose it into \u2018I\u2019, \u2018C\u2019, \u2018L\u2019, \u2018R\u2019 for local triggers.",
      "suffix": "\n",
      "rebuttal_stance": "nonarg",
      "rebuttal_action": "rebuttal_summary",
      "alignment": [
        "context_sentences",
        [
          14,
          15,
          16
        ]
      ],
      "details": {}
    },
    {
      "review_id": "BJl5fZS6YS",
      "rebuttal_id": "r1gTFFSnor",
      "sentence_index": 15,
      "text": "2. We also use the physical trigger glasses (Chen et al.,2017) on Tiny-imagenet and decomposed the pattern into four parts.",
      "suffix": "\n",
      "rebuttal_stance": "nonarg",
      "rebuttal_action": "rebuttal_summary",
      "alignment": [
        "context_sentences",
        [
          14,
          15,
          16
        ]
      ],
      "details": {}
    },
    {
      "review_id": "BJl5fZS6YS",
      "rebuttal_id": "r1gTFFSnor",
      "sentence_index": 16,
      "text": "The results are in Appendix A.3 of our revised version.",
      "suffix": "",
      "rebuttal_stance": "concur",
      "rebuttal_action": "rebuttal_done",
      "alignment": [
        "context_sentences",
        [
          14,
          15,
          16
        ]
      ],
      "details": {
        "request_out_of_scope": true
      }
    },
    {
      "review_id": "BJl5fZS6YS",
      "rebuttal_id": "r1gTFFSnor",
      "sentence_index": 17,
      "text": "DBA is also more effective and this conclusion is consistent in different colors of glasses.",
      "suffix": "\n\n",
      "rebuttal_stance": "nonarg",
      "rebuttal_action": "rebuttal_summary",
      "alignment": [
        "context_sentences",
        [
          14,
          15,
          16
        ]
      ],
      "details": {}
    },
    {
      "review_id": "BJl5fZS6YS",
      "rebuttal_id": "r1gTFFSnor",
      "sentence_index": 18,
      "text": "Q4: Can the authors show concrete examples on how the attacks are generated? The details are especially unclear on LOAN.",
      "suffix": "\n",
      "rebuttal_stance": "nonarg",
      "rebuttal_action": "rebuttal_structuring",
      "alignment": [
        "context_sentences",
        [
          17,
          18,
          19
        ]
      ],
      "details": {}
    },
    {
      "review_id": "BJl5fZS6YS",
      "rebuttal_id": "r1gTFFSnor",
      "sentence_index": 19,
      "text": "A4: We note that we have mentioned our attack formulation and algorithm in Section 2.2;",
      "suffix": "\n",
      "rebuttal_stance": "concur",
      "rebuttal_action": "rebuttal_answer",
      "alignment": [
        "context_sentences",
        [
          17,
          18,
          19
        ]
      ],
      "details": {}
    },
    {
      "review_id": "BJl5fZS6YS",
      "rebuttal_id": "r1gTFFSnor",
      "sentence_index": 20,
      "text": "We have also provided more details about LOAN dataset and how we attack in Appendix A.1.",
      "suffix": "",
      "rebuttal_stance": "concur",
      "rebuttal_action": "rebuttal_done",
      "alignment": [
        "context_sentences",
        [
          17,
          18,
          19
        ]
      ],
      "details": {
        "request_out_of_scope": true
      }
    }
  ]
}