{
  "metadata": {
    "forum_id": "SylKoo0cKm",
    "review_id": "BkeBNXOJT7",
    "rebuttal_id": "SyxMr6SmRQ",
    "title": "How Important is a Neuron",
    "reviewer": "AnonReviewer3",
    "rating": 7,
    "conference": "ICLR2019",
    "permalink": "https://openreview.net/forum?id=SylKoo0cKm&noteId=SyxMr6SmRQ",
    "annotator": "anno13"
  },
  "review_sentences": [
    {
      "review_id": "BkeBNXOJT7",
      "sentence_index": 0,
      "text": "This paper presents a new method to measure the importance of hidden neurons in deep neural networks.",
      "suffix": "",
      "review_action": "arg_structuring",
      "fine_review_action": "arg-structuring_summary",
      "aspect": "none",
      "polarity": "none"
    },
    {
      "review_id": "BkeBNXOJT7",
      "sentence_index": 1,
      "text": "The method integrates notions of activation value, input influence to a neuron and neuron influence to the network's output.",
      "suffix": "",
      "review_action": "arg_structuring",
      "fine_review_action": "arg-structuring_summary",
      "aspect": "none",
      "polarity": "none"
    },
    {
      "review_id": "BkeBNXOJT7",
      "sentence_index": 2,
      "text": "They provide results confirming that this measure is able to identify neurons that are important for specific tasks.",
      "suffix": "\n\n",
      "review_action": "arg_structuring",
      "fine_review_action": "arg-structuring_summary",
      "aspect": "none",
      "polarity": "none"
    },
    {
      "review_id": "BkeBNXOJT7",
      "sentence_index": 3,
      "text": "Quality",
      "suffix": "\n\n",
      "review_action": "arg_structuring",
      "fine_review_action": "arg-structuring_heading",
      "aspect": "none",
      "polarity": "none"
    },
    {
      "review_id": "BkeBNXOJT7",
      "sentence_index": 4,
      "text": "The experiments are well designed to verify their hypothesis, although there could be more to make sure those results are not particular to the few selected problems.",
      "suffix": "",
      "review_action": "arg_evaluative",
      "fine_review_action": "none",
      "aspect": "asp_soundness-correctness",
      "polarity": "pol_positive"
    },
    {
      "review_id": "BkeBNXOJT7",
      "sentence_index": 5,
      "text": "Nevertheless, the results are consistent across those experiments.",
      "suffix": "\n\n",
      "review_action": "arg_evaluative",
      "fine_review_action": "none",
      "aspect": "asp_soundness-correctness",
      "polarity": "pol_positive"
    },
    {
      "review_id": "BkeBNXOJT7",
      "sentence_index": 6,
      "text": "Clarity",
      "suffix": "\n\n",
      "review_action": "arg_structuring",
      "fine_review_action": "arg-structuring_heading",
      "aspect": "none",
      "polarity": "none"
    },
    {
      "review_id": "BkeBNXOJT7",
      "sentence_index": 7,
      "text": "The text is well written in general, but the structure could be improved.",
      "suffix": "",
      "review_action": "arg_evaluative",
      "fine_review_action": "none",
      "aspect": "asp_clarity",
      "polarity": "none"
    },
    {
      "review_id": "BkeBNXOJT7",
      "sentence_index": 8,
      "text": "The introduction contains too much related work, which should be divided in another section.",
      "suffix": "",
      "review_action": "arg_evaluative",
      "fine_review_action": "none",
      "aspect": "asp_clarity",
      "polarity": "pol_negative"
    },
    {
      "review_id": "BkeBNXOJT7",
      "sentence_index": 9,
      "text": "Section 2 contains mostly high level explanations of the work, which should be integrated in the introduction, and thus before the related work section, to improve readability.",
      "suffix": "",
      "review_action": "arg_request",
      "fine_review_action": "arg-request_edit",
      "aspect": "asp_clarity",
      "polarity": "none"
    },
    {
      "review_id": "BkeBNXOJT7",
      "sentence_index": 10,
      "text": "See minor comments for more specific suggestions.",
      "suffix": "\n\n",
      "review_action": "arg_structuring",
      "fine_review_action": "arg-structuring_heading",
      "aspect": "none",
      "polarity": "none"
    },
    {
      "review_id": "BkeBNXOJT7",
      "sentence_index": 11,
      "text": "It is difficult to understand the goal of Section 4.2.",
      "suffix": "",
      "review_action": "arg_evaluative",
      "fine_review_action": "none",
      "aspect": "asp_clarity",
      "polarity": "pol_negative"
    },
    {
      "review_id": "BkeBNXOJT7",
      "sentence_index": 12,
      "text": "Section 2 states that section 4.2 proves that a \"path method\" must be used in order to satisfy the axioms, but why such axioms are important is not stressed enough.",
      "suffix": "",
      "review_action": "arg_request",
      "fine_review_action": "arg-request_explanation",
      "aspect": "asp_clarity",
      "polarity": "none"
    },
    {
      "review_id": "BkeBNXOJT7",
      "sentence_index": 13,
      "text": "Also, it is not clear why those are called axioms since they are not use to build anything else.",
      "suffix": "",
      "review_action": "arg_evaluative",
      "fine_review_action": "none",
      "aspect": "asp_clarity",
      "polarity": "pol_negative"
    },
    {
      "review_id": "BkeBNXOJT7",
      "sentence_index": 14,
      "text": "It seems to me that those are rather \"desirable properties\" than axioms.",
      "suffix": "\n\n",
      "review_action": "arg_evaluative",
      "fine_review_action": "none",
      "aspect": "arg_other",
      "polarity": "none"
    },
    {
      "review_id": "BkeBNXOJT7",
      "sentence_index": 15,
      "text": "Originality",
      "suffix": "\n\n",
      "review_action": "arg_structuring",
      "fine_review_action": "arg-structuring_heading",
      "aspect": "none",
      "polarity": "none"
    },
    {
      "review_id": "BkeBNXOJT7",
      "sentence_index": 16,
      "text": "A important number of related works are cited and compared with the current work.",
      "suffix": "",
      "review_action": "arg_evaluative",
      "fine_review_action": "none",
      "aspect": "asp_meaningful-comparison",
      "polarity": "pol_positive"
    },
    {
      "review_id": "BkeBNXOJT7",
      "sentence_index": 17,
      "text": "Although the proposed measure is close to what is proposed by Datta et al., this paper makes the distinction clear and benchmarks its results properly against it.",
      "suffix": "\n\n",
      "review_action": "arg_evaluative",
      "fine_review_action": "none",
      "aspect": "asp_meaningful-comparison",
      "polarity": "pol_positive"
    },
    {
      "review_id": "BkeBNXOJT7",
      "sentence_index": 18,
      "text": "Significance",
      "suffix": "\n\n",
      "review_action": "arg_structuring",
      "fine_review_action": "arg-structuring_heading",
      "aspect": "none",
      "polarity": "none"
    },
    {
      "review_id": "BkeBNXOJT7",
      "sentence_index": 19,
      "text": "There is an increasing need to interpretability of deep neural networks as they get more and more applied to real-world problems.",
      "suffix": "",
      "review_action": "arg_evaluative",
      "fine_review_action": "none",
      "aspect": "asp_motivation-impact",
      "polarity": "none"
    },
    {
      "review_id": "BkeBNXOJT7",
      "sentence_index": 20,
      "text": "Measures as the one proposed in this paper are a very important building block towards this.",
      "suffix": "\n\n",
      "review_action": "arg_evaluative",
      "fine_review_action": "none",
      "aspect": "asp_motivation-impact",
      "polarity": "pol_positive"
    },
    {
      "review_id": "BkeBNXOJT7",
      "sentence_index": 21,
      "text": "Conclusion",
      "suffix": "\n\n",
      "review_action": "arg_structuring",
      "fine_review_action": "arg-structuring_heading",
      "aspect": "none",
      "polarity": "none"
    },
    {
      "review_id": "BkeBNXOJT7",
      "sentence_index": 22,
      "text": "For its original importance measure and the proper experiment benchmarks, I believe this paper should be accepted.",
      "suffix": "",
      "review_action": "arg_evaluative",
      "fine_review_action": "none",
      "aspect": "asp_originality",
      "polarity": "pol_positive"
    },
    {
      "review_id": "BkeBNXOJT7",
      "sentence_index": 23,
      "text": "There is however many minor issues that should be fixed for the camera-ready version.",
      "suffix": "",
      "review_action": "arg_request",
      "fine_review_action": "arg-request_edit",
      "aspect": "asp_clarity",
      "polarity": "none"
    },
    {
      "review_id": "BkeBNXOJT7",
      "sentence_index": 24,
      "text": "Although the recommended length is 8 pages, the strict limit is 10, so I would recommended to use a bit of the remaining extra space to conclude the paper properly with a discussion on the results and their consequences, as well as a conclusion to wrap up the paper.",
      "suffix": "\n\n",
      "review_action": "arg_request",
      "fine_review_action": "arg-request_edit",
      "aspect": "asp_clarity",
      "polarity": "none"
    },
    {
      "review_id": "BkeBNXOJT7",
      "sentence_index": 25,
      "text": "***",
      "suffix": "\n\n",
      "review_action": "arg_other",
      "fine_review_action": "none",
      "aspect": "none",
      "polarity": "none"
    },
    {
      "review_id": "BkeBNXOJT7",
      "sentence_index": 26,
      "text": "Minor Comments",
      "suffix": "\n\n",
      "review_action": "arg_structuring",
      "fine_review_action": "arg-structuring_heading",
      "aspect": "none",
      "polarity": "none"
    },
    {
      "review_id": "BkeBNXOJT7",
      "sentence_index": 27,
      "text": "Introduction:",
      "suffix": "\n",
      "review_action": "arg_structuring",
      "fine_review_action": "arg-structuring_heading",
      "aspect": "none",
      "polarity": "none"
    },
    {
      "review_id": "BkeBNXOJT7",
      "sentence_index": 28,
      "text": "- The term flow is never defined precisely, we need to infer it",
      "suffix": "",
      "review_action": "arg_request",
      "fine_review_action": "arg-request_clarification",
      "aspect": "asp_clarity",
      "polarity": "none"
    },
    {
      "review_id": "BkeBNXOJT7",
      "sentence_index": 29,
      "text": "based on the definition of conductance and attribution.",
      "suffix": "\n",
      "review_action": "none",
      "fine_review_action": "none",
      "aspect": "none",
      "polarity": "none"
    },
    {
      "review_id": "BkeBNXOJT7",
      "sentence_index": 30,
      "text": "- First paragraph would be more clear with simple word explanation rather than maths.",
      "suffix": "",
      "review_action": "arg_request",
      "fine_review_action": "arg-request_clarification",
      "aspect": "asp_clarity",
      "polarity": "none"
    },
    {
      "review_id": "BkeBNXOJT7",
      "sentence_index": 31,
      "text": "Also, second sentence is not a complete sentence",
      "suffix": "\n",
      "review_action": "arg_evaluative",
      "fine_review_action": "none",
      "aspect": "asp_clarity",
      "polarity": "pol_negative"
    },
    {
      "review_id": "BkeBNXOJT7",
      "sentence_index": 32,
      "text": "- Work on image indicators of importance could be compared better with current work.",
      "suffix": "",
      "review_action": "arg_request",
      "fine_review_action": "arg-request_edit",
      "aspect": "asp_meaningful-comparison",
      "polarity": "none"
    },
    {
      "review_id": "BkeBNXOJT7",
      "sentence_index": 33,
      "text": "Indicators can be seen as a measure of importance.",
      "suffix": "\n",
      "review_action": "arg_evaluative",
      "fine_review_action": "none",
      "aspect": "asp_substance",
      "polarity": "none"
    },
    {
      "review_id": "BkeBNXOJT7",
      "sentence_index": 34,
      "text": "- This sentence is not clear: \"[...]; the nature of correlations in the two models may differ\".",
      "suffix": "\n\n",
      "review_action": "arg_request",
      "fine_review_action": "arg-request_edit",
      "aspect": "asp_clarity",
      "polarity": "none"
    },
    {
      "review_id": "BkeBNXOJT7",
      "sentence_index": 35,
      "text": "Section 2:",
      "suffix": "\n",
      "review_action": "arg_structuring",
      "fine_review_action": "arg-structuring_heading",
      "aspect": "none",
      "polarity": "none"
    },
    {
      "review_id": "BkeBNXOJT7",
      "sentence_index": 36,
      "text": "- Last paragraph of section 2 can be true for any well-performing importance measure.",
      "suffix": "",
      "review_action": "arg_evaluative",
      "fine_review_action": "none",
      "aspect": "asp_soundness-correctness",
      "polarity": "none"
    },
    {
      "review_id": "BkeBNXOJT7",
      "sentence_index": 37,
      "text": "The statements should be put in perspective with others.",
      "suffix": "\n\n",
      "review_action": "arg_request",
      "fine_review_action": "arg-request_edit",
      "aspect": "asp_clarity",
      "polarity": "none"
    },
    {
      "review_id": "BkeBNXOJT7",
      "sentence_index": 38,
      "text": "Section 3:",
      "suffix": "\n",
      "review_action": "arg_structuring",
      "fine_review_action": "arg-structuring_heading",
      "aspect": "none",
      "polarity": "none"
    },
    {
      "review_id": "BkeBNXOJT7",
      "sentence_index": 39,
      "text": "- Section 3 should be introduced by explaining the goal of the section otherwise it breaks the flow of reading.",
      "suffix": "\n",
      "review_action": "arg_request",
      "fine_review_action": "arg-request_edit",
      "aspect": "asp_clarity",
      "polarity": "none"
    },
    {
      "review_id": "BkeBNXOJT7",
      "sentence_index": 40,
      "text": "- The role of the baseline x' should be better explained when it is presented (first paragraph of section 3).",
      "suffix": "\n",
      "review_action": "arg_request",
      "fine_review_action": "arg-request_edit",
      "aspect": "asp_clarity",
      "polarity": "none"
    },
    {
      "review_id": "BkeBNXOJT7",
      "sentence_index": 41,
      "text": "- The interchangeable use of the term \"conductance of neuron j\" for equations 2 and 3 is confusing.",
      "suffix": "",
      "review_action": "arg_evaluative",
      "fine_review_action": "none",
      "aspect": "asp_clarity",
      "polarity": "pol_negative"
    },
    {
      "review_id": "BkeBNXOJT7",
      "sentence_index": 42,
      "text": "Different terms should be use, even if the context makes it possible to infer which one is being referred to.",
      "suffix": "\n",
      "review_action": "arg_request",
      "fine_review_action": "arg-request_edit",
      "aspect": "asp_clarity",
      "polarity": "none"
    },
    {
      "review_id": "BkeBNXOJT7",
      "sentence_index": 43,
      "text": "- Remark 1 seems trivial, but the selection of baseline x' seems less trivial.",
      "suffix": "",
      "review_action": "arg_evaluative",
      "fine_review_action": "none",
      "aspect": "asp_clarity",
      "polarity": "none"
    },
    {
      "review_id": "BkeBNXOJT7",
      "sentence_index": 44,
      "text": "Some explanations should be devoted to it.",
      "suffix": "\n",
      "review_action": "arg_request",
      "fine_review_action": "arg-request_explanation",
      "aspect": "asp_clarity",
      "polarity": "none"
    },
    {
      "review_id": "BkeBNXOJT7",
      "sentence_index": 45,
      "text": "- Second paragraph of remark 1 is not clear.",
      "suffix": "",
      "review_action": "arg_evaluative",
      "fine_review_action": "none",
      "aspect": "asp_clarity",
      "polarity": "none"
    },
    {
      "review_id": "BkeBNXOJT7",
      "sentence_index": 46,
      "text": "Why couldn't we take another layer's neuron as the neuron of interest, bounding the conductance measure on one layer as the input and the output of the model? If we make the input to be a neuron y rather than the true input x, we could take another neuron z in a subsequent layer to be the neuron of interest, resulting in conductance measure Cond^z_i(y).",
      "suffix": "\n\n",
      "review_action": "arg_request",
      "fine_review_action": "arg-request_explanation",
      "aspect": "asp_clarity",
      "polarity": "none"
    },
    {
      "review_id": "BkeBNXOJT7",
      "sentence_index": 47,
      "text": "Section 4:",
      "suffix": "\n",
      "review_action": "arg_structuring",
      "fine_review_action": "arg-structuring_heading",
      "aspect": "none",
      "polarity": "none"
    },
    {
      "review_id": "BkeBNXOJT7",
      "sentence_index": 48,
      "text": "- List of importance measure at beginning of Section 4 should probably have citations.",
      "suffix": "\n",
      "review_action": "arg_request",
      "fine_review_action": "arg-request_edit",
      "aspect": "asp_meaningful-comparison",
      "polarity": "none"
    },
    {
      "review_id": "BkeBNXOJT7",
      "sentence_index": 49,
      "text": "- Backward reference to section 3 seems to be a mistake, should it be subsection 4.2?",
      "suffix": "\n",
      "review_action": "arg_request",
      "fine_review_action": "arg-request_edit",
      "aspect": "asp_clarity",
      "polarity": "none"
    },
    {
      "review_id": "BkeBNXOJT7",
      "sentence_index": 50,
      "text": "- Each of the justifications to get around the issue of distinguishing strange model behavior from bad feature importance technique should be explained briefly in paragraph before section 4.1.",
      "suffix": "\n\n",
      "review_action": "arg_request",
      "fine_review_action": "arg-request_explanation",
      "aspect": "asp_clarity",
      "polarity": "none"
    },
    {
      "review_id": "BkeBNXOJT7",
      "sentence_index": 51,
      "text": "Subsection 4.1:",
      "suffix": "\n",
      "review_action": "arg_structuring",
      "fine_review_action": "arg-structuring_heading",
      "aspect": "none",
      "polarity": "none"
    },
    {
      "review_id": "BkeBNXOJT7",
      "sentence_index": 52,
      "text": "- I do not understand the problem explained in fourth paragraph of section 4.1.",
      "suffix": "",
      "review_action": "arg_evaluative",
      "fine_review_action": "none",
      "aspect": "asp_clarity",
      "polarity": "none"
    },
    {
      "review_id": "BkeBNXOJT7",
      "sentence_index": 53,
      "text": "g(f(1 - epsilon)) = 0, why would it be 1- epsilon?",
      "suffix": "\n",
      "review_action": "arg_request",
      "fine_review_action": "arg-request_typo",
      "aspect": "asp_clarity",
      "polarity": "none"
    },
    {
      "review_id": "BkeBNXOJT7",
      "sentence_index": 54,
      "text": "- Problem explained in fifth Paragraph of section is not clear unless what the influence of the unit is clearly stated. Is it simply dg/df?",
      "suffix": "\n",
      "review_action": "arg_request",
      "fine_review_action": "arg-request_clarification",
      "aspect": "asp_clarity",
      "polarity": "none"
    },
    {
      "review_id": "BkeBNXOJT7",
      "sentence_index": 55,
      "text": "- A short explanation of what is tested in section 6 should be given at last paragraph of section 4.1.",
      "suffix": "",
      "review_action": "arg_request",
      "fine_review_action": "arg-request_explanation",
      "aspect": "asp_clarity",
      "polarity": "none"
    },
    {
      "review_id": "BkeBNXOJT7",
      "sentence_index": 56,
      "text": "Although the results are favorable to the conductance metric, it is not clear how they precisely confirm the problem of incorrect signs presented in the caricature examples.",
      "suffix": "\n\n",
      "review_action": "arg_request",
      "fine_review_action": "arg-request_explanation",
      "aspect": "asp_substance",
      "polarity": "none"
    },
    {
      "review_id": "BkeBNXOJT7",
      "sentence_index": 57,
      "text": "Subsection 4.2:",
      "suffix": "\n",
      "review_action": "arg_structuring",
      "fine_review_action": "arg-structuring_heading",
      "aspect": "none",
      "polarity": "none"
    },
    {
      "review_id": "BkeBNXOJT7",
      "sentence_index": 58,
      "text": "- As said in the my main comments, I am not convinced by the use of the term Axiom. They are not use as building blocks, and are rather used as desirable properties for which the authors prove that only \"path methods\" can satisfy.",
      "suffix": "\n",
      "review_action": "arg_evaluative",
      "fine_review_action": "none",
      "aspect": "asp_clarity",
      "polarity": "pol_negative"
    },
    {
      "review_id": "BkeBNXOJT7",
      "sentence_index": 59,
      "text": "- Footnote 2 on page 5 it difficult to read.",
      "suffix": "\n",
      "review_action": "arg_request",
      "fine_review_action": "arg-request_edit",
      "aspect": "asp_clarity",
      "polarity": "pol_negative"
    },
    {
      "review_id": "BkeBNXOJT7",
      "sentence_index": 60,
      "text": "- Although the proof does not seem to use the axioms as a building block, which is fortunate since it would make it a circular argument otherwise, the text suggests so: \"Given these three axioms, we can show that:\".",
      "suffix": "\n",
      "review_action": "arg_evaluative",
      "fine_review_action": "none",
      "aspect": "asp_clarity",
      "polarity": "none"
    },
    {
      "review_id": "BkeBNXOJT7",
      "sentence_index": 61,
      "text": "- The importance of section 4.2 should be clarified.",
      "suffix": "",
      "review_action": "arg_request",
      "fine_review_action": "arg-request_clarification",
      "aspect": "asp_clarity",
      "polarity": "none"
    },
    {
      "review_id": "BkeBNXOJT7",
      "sentence_index": 62,
      "text": "More emphasis on the importance of the axioms (desirable properties) should be made.",
      "suffix": "\n\n",
      "review_action": "arg_request",
      "fine_review_action": "arg-request_edit",
      "aspect": "asp_clarity",
      "polarity": "none"
    },
    {
      "review_id": "BkeBNXOJT7",
      "sentence_index": 63,
      "text": "Section 5:",
      "suffix": "\n",
      "review_action": "arg_structuring",
      "fine_review_action": "arg-structuring_heading",
      "aspect": "none",
      "polarity": "none"
    },
    {
      "review_id": "BkeBNXOJT7",
      "sentence_index": 64,
      "text": "- Choices for experiments should be explained. Why choosing layers mixed** rather than others? Why choosing filters?",
      "suffix": "\n",
      "review_action": "arg_request",
      "fine_review_action": "arg-request_explanation",
      "aspect": "asp_clarity",
      "polarity": "none"
    },
    {
      "review_id": "BkeBNXOJT7",
      "sentence_index": 65,
      "text": "- Figures 1-4 are difficult to interpreted on a printed version.",
      "suffix": "",
      "review_action": "arg_evaluative",
      "fine_review_action": "none",
      "aspect": "asp_clarity",
      "polarity": "pol_negative"
    },
    {
      "review_id": "BkeBNXOJT7",
      "sentence_index": 66,
      "text": "Since this is qualitative, I suggest to change the saturation of the images to make them easier to interpret.",
      "suffix": "",
      "review_action": "arg_request",
      "fine_review_action": "arg-request_edit",
      "aspect": "asp_clarity",
      "polarity": "none"
    },
    {
      "review_id": "BkeBNXOJT7",
      "sentence_index": 67,
      "text": "The absolute values are not important for a qualitative interpretation",
      "suffix": "\n",
      "review_action": "arg_evaluative",
      "fine_review_action": "none",
      "aspect": "asp_substance",
      "polarity": "none"
    },
    {
      "review_id": "BkeBNXOJT7",
      "sentence_index": 68,
      "text": "- Figure 4 could be more interesting if compared with other classes, like other animal faces.",
      "suffix": "",
      "review_action": "arg_request",
      "fine_review_action": "arg-request_experiment",
      "aspect": "asp_substance",
      "polarity": "none"
    },
    {
      "review_id": "BkeBNXOJT7",
      "sentence_index": 69,
      "text": "Anyhow, I understand that those were chosen based on the subset of classes used for the experiments.",
      "suffix": "\n",
      "review_action": "arg_social",
      "fine_review_action": "none",
      "aspect": "none",
      "polarity": "none"
    },
    {
      "review_id": "BkeBNXOJT7",
      "sentence_index": 70,
      "text": "- Space should be added between figures to better divide the captions",
      "suffix": "\n\n",
      "review_action": "arg_request",
      "fine_review_action": "arg-request_edit",
      "aspect": "asp_clarity",
      "polarity": "none"
    },
    {
      "review_id": "BkeBNXOJT7",
      "sentence_index": 71,
      "text": "Section 6:",
      "suffix": "\n",
      "review_action": "arg_structuring",
      "fine_review_action": "arg-structuring_heading",
      "aspect": "none",
      "polarity": "none"
    },
    {
      "review_id": "BkeBNXOJT7",
      "sentence_index": 72,
      "text": "- The difference between experiments of Figure 5 and 6 should be made more clear.",
      "suffix": "\n\n",
      "review_action": "arg_request",
      "fine_review_action": "arg-request_edit",
      "aspect": "asp_clarity",
      "polarity": "none"
    },
    {
      "review_id": "BkeBNXOJT7",
      "sentence_index": 73,
      "text": "Section 7-8:",
      "suffix": "\n",
      "review_action": "arg_structuring",
      "fine_review_action": "arg-structuring_heading",
      "aspect": "none",
      "polarity": "none"
    },
    {
      "review_id": "BkeBNXOJT7",
      "sentence_index": 74,
      "text": "- Where are they? No discussion? No conclusion?",
      "suffix": "",
      "review_action": "arg_request",
      "fine_review_action": "arg-request_explanation",
      "aspect": "arg_other",
      "polarity": "none"
    }
  ],
  "rebuttal_sentences": [
    {
      "review_id": "BkeBNXOJT7",
      "rebuttal_id": "SyxMr6SmRQ",
      "sentence_index": 0,
      "text": "We thank the reviewer for a detailed review.",
      "suffix": "",
      "rebuttal_stance": "nonarg",
      "rebuttal_action": "rebuttal_social",
      "alignment": [
        "context_global",
        null
      ],
      "details": {}
    },
    {
      "review_id": "BkeBNXOJT7",
      "rebuttal_id": "SyxMr6SmRQ",
      "sentence_index": 1,
      "text": "We have implemented the suggestions for improving clarity.",
      "suffix": "\n\n",
      "rebuttal_stance": "concur",
      "rebuttal_action": "rebuttal_done",
      "alignment": [
        "context_global",
        null
      ],
      "details": {
        "request_out_of_scope": true
      }
    },
    {
      "review_id": "BkeBNXOJT7",
      "rebuttal_id": "SyxMr6SmRQ",
      "sentence_index": 2,
      "text": "Regarding our use of \u2018axioms\u2019: We follow the economics literature in using axioms as normative concepts, i.e., to denote desirable properties that a neuron importance methods.",
      "suffix": "",
      "rebuttal_stance": "concur",
      "rebuttal_action": "rebuttal_answer",
      "alignment": [
        "context_sentences",
        [
          11,
          12,
          13,
          14
        ]
      ],
      "details": {}
    },
    {
      "review_id": "BkeBNXOJT7",
      "rebuttal_id": "SyxMr6SmRQ",
      "sentence_index": 3,
      "text": "And not the use in the mathematical literature, which is to denote statements that are self-evidently true.",
      "suffix": "",
      "rebuttal_stance": "concur",
      "rebuttal_action": "rebuttal_answer",
      "alignment": [
        "context_sentences",
        [
          11,
          12,
          13,
          14
        ]
      ],
      "details": {}
    },
    {
      "review_id": "BkeBNXOJT7",
      "rebuttal_id": "SyxMr6SmRQ",
      "sentence_index": 4,
      "text": "We have clarified this in the submission.",
      "suffix": "",
      "rebuttal_stance": "concur",
      "rebuttal_action": "rebuttal_done",
      "alignment": [
        "context_sentences",
        [
          11,
          12,
          13,
          14
        ]
      ],
      "details": {
        "request_out_of_scope": true
      }
    }
  ]
}