{
  "metadata": {
    "forum_id": "Bklzkh0qFm",
    "review_id": "BkemLDvAn7",
    "rebuttal_id": "Bkx-xQ1qpX",
    "title": "Relational Graph Attention Networks",
    "reviewer": "AnonReviewer3",
    "rating": 4,
    "conference": "ICLR2019",
    "permalink": "https://openreview.net/forum?id=Bklzkh0qFm&noteId=Bkx-xQ1qpX",
    "annotator": "anno10"
  },
  "review_sentences": [
    {
      "review_id": "BkemLDvAn7",
      "sentence_index": 0,
      "text": "This paper presented a relational graph attention networks that could consider both node",
      "suffix": "\n",
      "review_action": "arg_structuring",
      "fine_review_action": "arg-structuring_summary",
      "aspect": "none",
      "polarity": "none"
    },
    {
      "review_id": "BkemLDvAn7",
      "sentence_index": 1,
      "text": "features and relational information (edge features) to perform node-level and graph-level",
      "suffix": "\n",
      "review_action": "none",
      "fine_review_action": "none",
      "aspect": "none",
      "polarity": "none"
    },
    {
      "review_id": "BkemLDvAn7",
      "sentence_index": 2,
      "text": "classifications.",
      "suffix": "",
      "review_action": "none",
      "fine_review_action": "none",
      "aspect": "none",
      "polarity": "none"
    },
    {
      "review_id": "BkemLDvAn7",
      "sentence_index": 3,
      "text": "The basic idea is to combine the graph attention networks (Velic\u030ckovic\u0301 et",
      "suffix": "\n",
      "review_action": "arg_structuring",
      "fine_review_action": "arg-structuring_summary",
      "aspect": "none",
      "polarity": "none"
    },
    {
      "review_id": "BkemLDvAn7",
      "sentence_index": 4,
      "text": "al. 2017)",
      "suffix": "",
      "review_action": "none",
      "fine_review_action": "none",
      "aspect": "none",
      "polarity": "none"
    },
    {
      "review_id": "BkemLDvAn7",
      "sentence_index": 5,
      "text": "and",
      "suffix": "",
      "review_action": "none",
      "fine_review_action": "none",
      "aspect": "none",
      "polarity": "none"
    },
    {
      "review_id": "BkemLDvAn7",
      "sentence_index": 6,
      "text": "the relational graph networks (Schlichtkrull et al. 2018) to derive a hybrid",
      "suffix": "\n",
      "review_action": "none",
      "fine_review_action": "none",
      "aspect": "none",
      "polarity": "none"
    },
    {
      "review_id": "BkemLDvAn7",
      "sentence_index": 7,
      "text": "networks.",
      "suffix": "",
      "review_action": "none",
      "fine_review_action": "none",
      "aspect": "none",
      "polarity": "none"
    },
    {
      "review_id": "BkemLDvAn7",
      "sentence_index": 8,
      "text": "This paper is generally easy to follow and written clearly.",
      "suffix": "",
      "review_action": "arg_evaluative",
      "fine_review_action": "none",
      "aspect": "asp_clarity",
      "polarity": "pol_positive"
    },
    {
      "review_id": "BkemLDvAn7",
      "sentence_index": 9,
      "text": "Several experiments",
      "suffix": "\n",
      "review_action": "arg_evaluative",
      "fine_review_action": "none",
      "aspect": "asp_substance",
      "polarity": "pol_positive"
    },
    {
      "review_id": "BkemLDvAn7",
      "sentence_index": 10,
      "text": "are conducted to demonstrate the performance of the proposed model.",
      "suffix": "",
      "review_action": "none",
      "fine_review_action": "none",
      "aspect": "none",
      "polarity": "none"
    },
    {
      "review_id": "BkemLDvAn7",
      "sentence_index": 11,
      "text": "Although some promising",
      "suffix": "\n",
      "review_action": "arg_evaluative",
      "fine_review_action": "none",
      "aspect": "asp_originality",
      "polarity": "pol_negative"
    },
    {
      "review_id": "BkemLDvAn7",
      "sentence_index": 12,
      "text": "results have been achieved, I think there are several limitations regarding the novelty and",
      "suffix": "\n",
      "review_action": "none",
      "fine_review_action": "none",
      "aspect": "none",
      "polarity": "none"
    },
    {
      "review_id": "BkemLDvAn7",
      "sentence_index": 13,
      "text": "significance of the proposed model.",
      "suffix": "\n\n",
      "review_action": "none",
      "fine_review_action": "none",
      "aspect": "none",
      "polarity": "none"
    },
    {
      "review_id": "BkemLDvAn7",
      "sentence_index": 14,
      "text": "i) The proposed architecture is mainly adopted from the graph attention networks (Velic\u030ckovic\u0301",
      "suffix": "\n",
      "review_action": "arg_fact",
      "fine_review_action": "none",
      "aspect": "none",
      "polarity": "none"
    },
    {
      "review_id": "BkemLDvAn7",
      "sentence_index": 15,
      "text": "et al. 2017)",
      "suffix": "",
      "review_action": "none",
      "fine_review_action": "none",
      "aspect": "none",
      "polarity": "none"
    },
    {
      "review_id": "BkemLDvAn7",
      "sentence_index": 16,
      "text": "and",
      "suffix": "",
      "review_action": "none",
      "fine_review_action": "none",
      "aspect": "none",
      "polarity": "none"
    },
    {
      "review_id": "BkemLDvAn7",
      "sentence_index": 17,
      "text": "the relational graph networks (Schlichtkrull et al. 2018).",
      "suffix": "",
      "review_action": "none",
      "fine_review_action": "none",
      "aspect": "none",
      "polarity": "none"
    },
    {
      "review_id": "BkemLDvAn7",
      "sentence_index": 18,
      "text": "Such a simple",
      "suffix": "\n",
      "review_action": "arg_evaluative",
      "fine_review_action": "none",
      "aspect": "asp_originality",
      "polarity": "pol_negative"
    },
    {
      "review_id": "BkemLDvAn7",
      "sentence_index": 19,
      "text": "combination is a good attempt to incorporate both node features and edge features but the",
      "suffix": "\n",
      "review_action": "none",
      "fine_review_action": "none",
      "aspect": "none",
      "polarity": "none"
    },
    {
      "review_id": "BkemLDvAn7",
      "sentence_index": 20,
      "text": "novelty is quite limited.",
      "suffix": "\n\n\n",
      "review_action": "none",
      "fine_review_action": "none",
      "aspect": "none",
      "polarity": "none"
    },
    {
      "review_id": "BkemLDvAn7",
      "sentence_index": 21,
      "text": "ii) In table 2, I don\u2019t really see any promising results compared to baselines. There are",
      "suffix": "\n",
      "review_action": "arg_evaluative",
      "fine_review_action": "none",
      "aspect": "asp_substance",
      "polarity": "pol_negative"
    },
    {
      "review_id": "BkemLDvAn7",
      "sentence_index": 22,
      "text": "little improvements over the baselines or even significantly worse. More importantly,",
      "suffix": "\n",
      "review_action": "arg_evaluative",
      "fine_review_action": "none",
      "aspect": "asp_substance",
      "polarity": "pol_negative"
    },
    {
      "review_id": "BkemLDvAn7",
      "sentence_index": 23,
      "text": "compared two schemes of this work, the ones with attentions are \u201calmost\u201d identical with ones",
      "suffix": "\n",
      "review_action": "arg_evaluative",
      "fine_review_action": "none",
      "aspect": "asp_substance",
      "polarity": "pol_negative"
    },
    {
      "review_id": "BkemLDvAn7",
      "sentence_index": 24,
      "text": "without attentions, which implies that the proposed attentions mechanism is not really useful",
      "suffix": "\n",
      "review_action": "none",
      "fine_review_action": "none",
      "aspect": "none",
      "polarity": "none"
    },
    {
      "review_id": "BkemLDvAn7",
      "sentence_index": 25,
      "text": "in practice. For most of newly proposed graph embedding algorithms, it is hard to convince",
      "suffix": "\n",
      "review_action": "arg_evaluative",
      "fine_review_action": "none",
      "aspect": "asp_substance",
      "polarity": "pol_negative"
    },
    {
      "review_id": "BkemLDvAn7",
      "sentence_index": 26,
      "text": "it is indeed better without some significant improvements (at least 2% absolute accuracy more).",
      "suffix": "\n\n",
      "review_action": "none",
      "fine_review_action": "none",
      "aspect": "none",
      "polarity": "none"
    },
    {
      "review_id": "BkemLDvAn7",
      "sentence_index": 27,
      "text": "iii) For MUTAG dataset, the statistical information of this dataset is quite different from",
      "suffix": "\n",
      "review_action": "arg_fact",
      "fine_review_action": "none",
      "aspect": "none",
      "polarity": "none"
    },
    {
      "review_id": "BkemLDvAn7",
      "sentence_index": 28,
      "text": "what I used to use.",
      "suffix": "",
      "review_action": "none",
      "fine_review_action": "none",
      "aspect": "none",
      "polarity": "none"
    },
    {
      "review_id": "BkemLDvAn7",
      "sentence_index": 29,
      "text": "MUTAG is a standard dataset for testing graph-level classification for",
      "suffix": "\n",
      "review_action": "arg_fact",
      "fine_review_action": "none",
      "aspect": "none",
      "polarity": "none"
    },
    {
      "review_id": "BkemLDvAn7",
      "sentence_index": 30,
      "text": "both graph kernels and graph networks.",
      "suffix": "",
      "review_action": "none",
      "fine_review_action": "none",
      "aspect": "none",
      "polarity": "none"
    },
    {
      "review_id": "BkemLDvAn7",
      "sentence_index": 31,
      "text": "MUTAG is a dataset of 188 mutagenic aromatic and",
      "suffix": "\n",
      "review_action": "arg_fact",
      "fine_review_action": "none",
      "aspect": "none",
      "polarity": "none"
    },
    {
      "review_id": "BkemLDvAn7",
      "sentence_index": 32,
      "text": "heteroaromatic nitro compounds with 7 discrete node labels.",
      "suffix": "",
      "review_action": "none",
      "fine_review_action": "none",
      "aspect": "none",
      "polarity": "none"
    },
    {
      "review_id": "BkemLDvAn7",
      "sentence_index": 33,
      "text": "Each chemical compound is labeled",
      "suffix": "\n",
      "review_action": "arg_fact",
      "fine_review_action": "none",
      "aspect": "none",
      "polarity": "none"
    },
    {
      "review_id": "BkemLDvAn7",
      "sentence_index": 34,
      "text": "according to whether it has mutagenic effect on the gram- negative bacterium Salmonnella",
      "suffix": "\n",
      "review_action": "none",
      "fine_review_action": "none",
      "aspect": "none",
      "polarity": "none"
    },
    {
      "review_id": "BkemLDvAn7",
      "sentence_index": 35,
      "text": "Typhimurium. Could you explain why your MUTAG is now a single graph and is cast as node",
      "suffix": "\n",
      "review_action": "arg_request",
      "fine_review_action": "arg-request_explanation",
      "aspect": "asp_replicability",
      "polarity": "pol_negative"
    },
    {
      "review_id": "BkemLDvAn7",
      "sentence_index": 36,
      "text": "classification problem?",
      "suffix": "",
      "review_action": "none",
      "fine_review_action": "none",
      "aspect": "none",
      "polarity": "none"
    }
  ],
  "rebuttal_sentences": [
    {
      "review_id": "BkemLDvAn7",
      "rebuttal_id": "Bkx-xQ1qpX",
      "sentence_index": 0,
      "text": "Dear Reviewer 3, thank you for taking time to read and review our paper and for your useful comments.",
      "suffix": "",
      "rebuttal_stance": "nonarg",
      "rebuttal_action": "rebuttal_social",
      "alignment": [
        "context_global",
        null
      ],
      "details": {}
    },
    {
      "review_id": "BkemLDvAn7",
      "rebuttal_id": "Bkx-xQ1qpX",
      "sentence_index": 1,
      "text": "Hopefully the new results in our response will better aid discussion. Your specific points are addressed below.",
      "suffix": "\n\n",
      "rebuttal_stance": "nonarg",
      "rebuttal_action": "rebuttal_social",
      "alignment": [
        "context_global",
        null
      ],
      "details": {}
    },
    {
      "review_id": "BkemLDvAn7",
      "rebuttal_id": "Bkx-xQ1qpX",
      "sentence_index": 2,
      "text": "> i) \u201cThe proposed architecture is mainly adopted from the graph attention networks (Veli\u010dkovi\u0107  et al. 2017) and the relational graph networks (Schlichtkrull et al. 2018).",
      "suffix": "",
      "rebuttal_stance": "nonarg",
      "rebuttal_action": "rebuttal_structuring",
      "alignment": [
        "context_sentences",
        [
          14,
          15,
          16,
          17
        ]
      ],
      "details": {}
    },
    {
      "review_id": "BkemLDvAn7",
      "rebuttal_id": "Bkx-xQ1qpX",
      "sentence_index": 3,
      "text": "Such a simple combination is a good attempt to incorporate both node features and edge features but the novelty is quite limited.\u201d",
      "suffix": "\n\n",
      "rebuttal_stance": "nonarg",
      "rebuttal_action": "rebuttal_structuring",
      "alignment": [
        "context_sentences",
        [
          18,
          19,
          20
        ]
      ],
      "details": {}
    },
    {
      "review_id": "BkemLDvAn7",
      "rebuttal_id": "Bkx-xQ1qpX",
      "sentence_index": 4,
      "text": "We concede that the modifications to the existing models is a minor contribution.",
      "suffix": "",
      "rebuttal_stance": "concur",
      "rebuttal_action": "rebuttal_concede-criticism",
      "alignment": [
        "context_sentences",
        [
          14,
          15,
          16,
          17,
          18,
          19,
          20
        ]
      ],
      "details": {}
    },
    {
      "review_id": "BkemLDvAn7",
      "rebuttal_id": "Bkx-xQ1qpX",
      "sentence_index": 5,
      "text": "We would like to highlight that despite being a simple modification, the implementation of such a model that is trainable in a reasonable time frame is non-trivial.",
      "suffix": "",
      "rebuttal_stance": "concur",
      "rebuttal_action": "rebuttal_concede-criticism",
      "alignment": [
        "context_sentences",
        [
          14,
          15,
          16,
          17,
          18,
          19,
          20
        ]
      ],
      "details": {}
    },
    {
      "review_id": "BkemLDvAn7",
      "rebuttal_id": "Bkx-xQ1qpX",
      "sentence_index": 6,
      "text": "We plan to make our implementation public to aid research in the area.",
      "suffix": "\n\n",
      "rebuttal_stance": "concur",
      "rebuttal_action": "rebuttal_by-cr",
      "alignment": [
        "context_sentences",
        [
          14,
          15,
          16,
          17,
          18,
          19,
          20
        ]
      ],
      "details": {
        "manuscript_change": false
      }
    },
    {
      "review_id": "BkemLDvAn7",
      "rebuttal_id": "Bkx-xQ1qpX",
      "sentence_index": 7,
      "text": "To generalise the model, following the recommendations in one of the comments, we have investigated applying the Transformer-style dot product attention that was presented in GaAN: Gated Attention Networks for Learning on Large and Spatiotemporal Graphs (Zhang et al. 2018) for non-relational graphs.",
      "suffix": "",
      "rebuttal_stance": "nonarg",
      "rebuttal_action": "rebuttal_summary",
      "alignment": [
        "context_none",
        null
      ],
      "details": {}
    },
    {
      "review_id": "BkemLDvAn7",
      "rebuttal_id": "Bkx-xQ1qpX",
      "sentence_index": 8,
      "text": "We believe that this additional investigation, accompanied by marginally improved results on Tox21 for dot product attention (Mean test AUCs: WIRGAT 0.838 +/- 0.007, ARGAT 0.837 +/- 0.007) enhance the paper\u2019s contribution.",
      "suffix": "\n\n",
      "rebuttal_stance": "nonarg",
      "rebuttal_action": "rebuttal_summary",
      "alignment": [
        "context_none",
        null
      ],
      "details": {}
    },
    {
      "review_id": "BkemLDvAn7",
      "rebuttal_id": "Bkx-xQ1qpX",
      "sentence_index": 9,
      "text": "> ii) \u201cIn table 2, I don\u2019t really see any promising results compared to baselines. There are little improvements over the baselines or even significantly worse.\u201d",
      "suffix": "\n\n",
      "rebuttal_stance": "nonarg",
      "rebuttal_action": "rebuttal_structuring",
      "alignment": [
        "context_sentences",
        [
          21,
          22
        ]
      ],
      "details": {}
    },
    {
      "review_id": "BkemLDvAn7",
      "rebuttal_id": "Bkx-xQ1qpX",
      "sentence_index": 10,
      "text": "We agree that the results do not improve on those in Schlichtkrull et al. (2017) or Wu et al. (2017) in a significant way.",
      "suffix": "",
      "rebuttal_stance": "concur",
      "rebuttal_action": "rebuttal_concede-criticism",
      "alignment": [
        "context_sentences",
        [
          21,
          22
        ]
      ],
      "details": {}
    },
    {
      "review_id": "BkemLDvAn7",
      "rebuttal_id": "Bkx-xQ1qpX",
      "sentence_index": 11,
      "text": "This statement especially in light of the more thorough experiments conducted since - we have performed the same level of hyperparameter optimisation to an RGCN model and have found that the there is no gap between RGCN and sum-style attention RGAT.",
      "suffix": "",
      "rebuttal_stance": "concur",
      "rebuttal_action": "rebuttal_done",
      "alignment": [
        "context_sentences",
        [
          21,
          22
        ]
      ],
      "details": {
        "request_out_of_scope": false
      }
    },
    {
      "review_id": "BkemLDvAn7",
      "rebuttal_id": "Bkx-xQ1qpX",
      "sentence_index": 12,
      "text": "These results will be included in the new manuscript.",
      "suffix": "\n\n",
      "rebuttal_stance": "concur",
      "rebuttal_action": "rebuttal_by-cr",
      "alignment": [
        "context_sentences",
        [
          21,
          22
        ]
      ],
      "details": {
        "manuscript_change": true
      }
    },
    {
      "review_id": "BkemLDvAn7",
      "rebuttal_id": "Bkx-xQ1qpX",
      "sentence_index": 13,
      "text": "We also feel that some of the results being \u201csignificantly worse\u201d is one of the main contributions of our paper.",
      "suffix": "",
      "rebuttal_stance": "nonarg",
      "rebuttal_action": "rebuttal_summary",
      "alignment": [
        "context_sentences",
        [
          21,
          22
        ]
      ],
      "details": {}
    },
    {
      "review_id": "BkemLDvAn7",
      "rebuttal_id": "Bkx-xQ1qpX",
      "sentence_index": 14,
      "text": "Specifically, the results on MUTAG for RGAT with sum attention are quite a lot lower than its RGCN counterpart.",
      "suffix": "",
      "rebuttal_stance": "nonarg",
      "rebuttal_action": "rebuttal_summary",
      "alignment": [
        "context_sentences",
        [
          21,
          22
        ]
      ],
      "details": {}
    },
    {
      "review_id": "BkemLDvAn7",
      "rebuttal_id": "Bkx-xQ1qpX",
      "sentence_index": 15,
      "text": "This was an unexpected result for us as GAT-style attention was anticipated to handle the node-degree imbalances observed to be present in the MUTAG dataset [a statement along these lines was made in Schlichtkrull et al. (2017)].",
      "suffix": "",
      "rebuttal_stance": "nonarg",
      "rebuttal_action": "rebuttal_summary",
      "alignment": [
        "context_sentences",
        [
          21,
          22
        ]
      ],
      "details": {}
    },
    {
      "review_id": "BkemLDvAn7",
      "rebuttal_id": "Bkx-xQ1qpX",
      "sentence_index": 16,
      "text": "The most natural route to tackle this problem turns out to fail - a result which we believe is informative for the community who are trying to solve this problem.",
      "suffix": "",
      "rebuttal_stance": "nonarg",
      "rebuttal_action": "rebuttal_summary",
      "alignment": [
        "context_sentences",
        [
          21,
          22
        ]
      ],
      "details": {}
    },
    {
      "review_id": "BkemLDvAn7",
      "rebuttal_id": "Bkx-xQ1qpX",
      "sentence_index": 17,
      "text": "On the other hand, the newly evaluated dot-product attention does no worse (or better) than RGCN, indicating a more promising research direction to pursue.",
      "suffix": "\n\n",
      "rebuttal_stance": "nonarg",
      "rebuttal_action": "rebuttal_summary",
      "alignment": [
        "context_sentences",
        [
          21,
          22
        ]
      ],
      "details": {}
    },
    {
      "review_id": "BkemLDvAn7",
      "rebuttal_id": "Bkx-xQ1qpX",
      "sentence_index": 18,
      "text": "> iii) \u201cCould you explain why your MUTAG is now a single graph and is cast as node classification problem?\u201d",
      "suffix": "\n\n",
      "rebuttal_stance": "nonarg",
      "rebuttal_action": "rebuttal_structuring",
      "alignment": [
        "context_sentences",
        [
          35,
          36
        ]
      ],
      "details": {}
    },
    {
      "review_id": "BkemLDvAn7",
      "rebuttal_id": "Bkx-xQ1qpX",
      "sentence_index": 19,
      "text": "The MUTAG dataset in its standard form from e.g. TUD Benchmark Data Sets for Graph Kernels you are absolutely correct in your description.",
      "suffix": "\n\n",
      "rebuttal_stance": "concur",
      "rebuttal_action": "rebuttal_answer",
      "alignment": [
        "context_sentences",
        [
          35,
          36
        ]
      ],
      "details": {}
    },
    {
      "review_id": "BkemLDvAn7",
      "rebuttal_id": "Bkx-xQ1qpX",
      "sentence_index": 20,
      "text": "There is an alternative dataset version of mutag distributed with dl-learner [1] that is leveraged in the approach of RDF2Vec from Ristoski and Paulheim 2016 [2].",
      "suffix": "",
      "rebuttal_stance": "concur",
      "rebuttal_action": "rebuttal_answer",
      "alignment": [
        "context_sentences",
        [
          35,
          36
        ]
      ],
      "details": {}
    },
    {
      "review_id": "BkemLDvAn7",
      "rebuttal_id": "Bkx-xQ1qpX",
      "sentence_index": 21,
      "text": "In this scenario, MUTAG is in presented in the RDF, where each of the 340 presented complex molecules is described by the links in an RDF with edges (triples) of the form",
      "suffix": "\n",
      "rebuttal_stance": "concur",
      "rebuttal_action": "rebuttal_answer",
      "alignment": [
        "context_sentences",
        [
          35,
          36
        ]
      ],
      "details": {}
    },
    {
      "review_id": "BkemLDvAn7",
      "rebuttal_id": "Bkx-xQ1qpX",
      "sentence_index": 22,
      "text": "d1 -> hasAtom -> d1_1",
      "suffix": "\n",
      "rebuttal_stance": "concur",
      "rebuttal_action": "rebuttal_answer",
      "alignment": [
        "context_sentences",
        [
          35,
          36
        ]
      ],
      "details": {}
    },
    {
      "review_id": "BkemLDvAn7",
      "rebuttal_id": "Bkx-xQ1qpX",
      "sentence_index": 23,
      "text": "d1 -> hasBond -> bond1",
      "suffix": "\n",
      "rebuttal_stance": "concur",
      "rebuttal_action": "rebuttal_answer",
      "alignment": [
        "context_sentences",
        [
          35,
          36
        ]
      ],
      "details": {}
    },
    {
      "review_id": "BkemLDvAn7",
      "rebuttal_id": "Bkx-xQ1qpX",
      "sentence_index": 24,
      "text": "d1- > hasStructure -> ring_size_6-1",
      "suffix": "\n",
      "rebuttal_stance": "concur",
      "rebuttal_action": "rebuttal_answer",
      "alignment": [
        "context_sentences",
        [
          35,
          36
        ]
      ],
      "details": {}
    },
    {
      "review_id": "BkemLDvAn7",
      "rebuttal_id": "Bkx-xQ1qpX",
      "sentence_index": 25,
      "text": "where in this case, d1 is the complex molecule, d1_1 is the first atom in complex molecule d1, and bond1 is the first bond in complex molecule d1, and so on.",
      "suffix": "",
      "rebuttal_stance": "concur",
      "rebuttal_action": "rebuttal_answer",
      "alignment": [
        "context_sentences",
        [
          35,
          36
        ]
      ],
      "details": {}
    },
    {
      "review_id": "BkemLDvAn7",
      "rebuttal_id": "Bkx-xQ1qpX",
      "sentence_index": 26,
      "text": "There are many more types than this, and are viewable in the .owl located at [2].",
      "suffix": "",
      "rebuttal_stance": "concur",
      "rebuttal_action": "rebuttal_answer",
      "alignment": [
        "context_sentences",
        [
          35,
          36
        ]
      ],
      "details": {}
    },
    {
      "review_id": "BkemLDvAn7",
      "rebuttal_id": "Bkx-xQ1qpX",
      "sentence_index": 27,
      "text": "Nodes correspond to entities from the point of view of RDF.",
      "suffix": "",
      "rebuttal_stance": "concur",
      "rebuttal_action": "rebuttal_answer",
      "alignment": [
        "context_sentences",
        [
          35,
          36
        ]
      ],
      "details": {}
    },
    {
      "review_id": "BkemLDvAn7",
      "rebuttal_id": "Bkx-xQ1qpX",
      "sentence_index": 28,
      "text": "Each complex molecule is given a label according to whether it is mutagenic or not (determined from an isMutagenic property in the RDF - this is removed from the dataset before training/evaluation).",
      "suffix": "",
      "rebuttal_stance": "concur",
      "rebuttal_action": "rebuttal_answer",
      "alignment": [
        "context_sentences",
        [
          35,
          36
        ]
      ],
      "details": {}
    },
    {
      "review_id": "BkemLDvAn7",
      "rebuttal_id": "Bkx-xQ1qpX",
      "sentence_index": 29,
      "text": "This corresponds to 340 labels in total and constitutes a semi-supervised node-classification task (nodes corresponding to anything other than the complex molecule itself are unlabelled).",
      "suffix": "\n\n",
      "rebuttal_stance": "concur",
      "rebuttal_action": "rebuttal_answer",
      "alignment": [
        "context_sentences",
        [
          35,
          36
        ]
      ],
      "details": {}
    },
    {
      "review_id": "BkemLDvAn7",
      "rebuttal_id": "Bkx-xQ1qpX",
      "sentence_index": 30,
      "text": "Each molecule can be viewed as a separate graph, or the RDF can be viewed as a single graph comprising of a description of all molecules.",
      "suffix": "",
      "rebuttal_stance": "concur",
      "rebuttal_action": "rebuttal_answer",
      "alignment": [
        "context_sentences",
        [
          35,
          36
        ]
      ],
      "details": {}
    },
    {
      "review_id": "BkemLDvAn7",
      "rebuttal_id": "Bkx-xQ1qpX",
      "sentence_index": 31,
      "text": "If we train on batches of separate graphs and can fit all of the molecule graphs in memory, then these two are the same from the point of view of the training objective.",
      "suffix": "\n\n",
      "rebuttal_stance": "concur",
      "rebuttal_action": "rebuttal_answer",
      "alignment": [
        "context_sentences",
        [
          35,
          36
        ]
      ],
      "details": {}
    },
    {
      "review_id": "BkemLDvAn7",
      "rebuttal_id": "Bkx-xQ1qpX",
      "sentence_index": 32,
      "text": "[1] https://github.com/SmartDataAnalytics/DL-Learner/tree/develop/examples/mutagenesis",
      "suffix": "\n",
      "rebuttal_stance": "nonarg",
      "rebuttal_action": "rebuttal_other",
      "alignment": [
        "context_in-rebuttal",
        null
      ],
      "details": {}
    },
    {
      "review_id": "BkemLDvAn7",
      "rebuttal_id": "Bkx-xQ1qpX",
      "sentence_index": 33,
      "text": "[2] https://www.semanticscholar.org/paper/RDF2Vec%3A-RDF-Graph-Embeddings-for-Data-Mining-Ristoski-Paulheim/844d502387a3996f167b04e2e83117c30c22e752",
      "suffix": "",
      "rebuttal_stance": "nonarg",
      "rebuttal_action": "rebuttal_other",
      "alignment": [
        "context_in-rebuttal",
        null
      ],
      "details": {}
    }
  ]
}