{
  "metadata": {
    "forum_id": "SklOypVKvS",
    "review_id": "Byl0ceB1cH",
    "rebuttal_id": "rJlbnvS1oH",
    "title": "A Data-Efficient Mutual Information Neural Estimator for Statistical Dependency Testing",
    "reviewer": "AnonReviewer3",
    "rating": 3,
    "conference": "ICLR2020",
    "permalink": "https://openreview.net/forum?id=SklOypVKvS&noteId=rJlbnvS1oH",
    "annotator": "anno3"
  },
  "review_sentences": [
    {
      "review_id": "Byl0ceB1cH",
      "sentence_index": 0,
      "text": "This manuscript studies mutual-information estimation, in particular variational lower bounds, and focuses on reducing their sample complexity.",
      "suffix": "",
      "review_action": "arg_structuring",
      "fine_review_action": "arg-structuring_summary",
      "aspect": "none",
      "polarity": "none"
    },
    {
      "review_id": "Byl0ceB1cH",
      "sentence_index": 1,
      "text": "The first contribution is based on adapting the MINE energy-based MI estimator family to out-of-sample testing.",
      "suffix": "",
      "review_action": "arg_structuring",
      "fine_review_action": "arg-structuring_summary",
      "aspect": "none",
      "polarity": "none"
    },
    {
      "review_id": "Byl0ceB1cH",
      "sentence_index": 2,
      "text": "MINE involves fitting a very flexible parametric form of the distribution, such as a neural network, to the data to derive a mutual information lower bound.",
      "suffix": "",
      "review_action": "arg_structuring",
      "fine_review_action": "arg-structuring_summary",
      "aspect": "none",
      "polarity": "none"
    },
    {
      "review_id": "Byl0ceB1cH",
      "sentence_index": 3,
      "text": "The present work separates the data fitting from the mutual information evaluation to decrease sample complexity, the argument being that the function class is no longer a limiting factor to sample complexity of the mutual information estimation.",
      "suffix": "",
      "review_action": "arg_structuring",
      "fine_review_action": "arg-structuring_summary",
      "aspect": "none",
      "polarity": "none"
    },
    {
      "review_id": "Byl0ceB1cH",
      "sentence_index": 4,
      "text": "The second contribution uses meta learning to decrease the sample complexity required to fit the neural network, creating a family of tasks derived from the data with data transformation that do not modify the mutual information.",
      "suffix": "",
      "review_action": "arg_structuring",
      "fine_review_action": "arg-structuring_summary",
      "aspect": "none",
      "polarity": "none"
    },
    {
      "review_id": "Byl0ceB1cH",
      "sentence_index": 5,
      "text": "The approaches are demonstrated on synthetic data as well as fMRI data, to detect significant inter-subject dependencies in time-series of neural responses.",
      "suffix": "\n\n",
      "review_action": "arg_structuring",
      "fine_review_action": "arg-structuring_summary",
      "aspect": "none",
      "polarity": "none"
    },
    {
      "review_id": "Byl0ceB1cH",
      "sentence_index": 6,
      "text": "There are some very interesting and strong contributions of this manuscript.",
      "suffix": "",
      "review_action": "arg_evaluative",
      "fine_review_action": "none",
      "aspect": "asp_substance",
      "polarity": "pol_positive"
    },
    {
      "review_id": "Byl0ceB1cH",
      "sentence_index": 7,
      "text": "However, I worry that one of the central theoretical arguments does not seem correct to me.",
      "suffix": "",
      "review_action": "arg_evaluative",
      "fine_review_action": "none",
      "aspect": "asp_soundness-correctness",
      "polarity": "none"
    },
    {
      "review_id": "Byl0ceB1cH",
      "sentence_index": 8,
      "text": "Indeed, the manuscript introduces sample complexity results to justify the benefits of the out-of-sample procedure (th 1), but it seems to me that these give an incomplete picture.",
      "suffix": "",
      "review_action": "arg_evaluative",
      "fine_review_action": "none",
      "aspect": "asp_soundness-correctness",
      "polarity": "pol_negative"
    },
    {
      "review_id": "Byl0ceB1cH",
      "sentence_index": 9,
      "text": "Th 1 gives the number of validation samples required to bound error between the mutual information estimate at finite samples and asymptotically for a function T parametrized by \\tilda{theta}. This control is of a very different nature from the control established by MIME which controls the error to the actual best possible variational bound.",
      "suffix": "",
      "review_action": "arg_fact",
      "fine_review_action": "none",
      "aspect": "none",
      "polarity": "none"
    },
    {
      "review_id": "Byl0ceB1cH",
      "sentence_index": 10,
      "text": "In other terms, the control of th 1 does not control the estimation error of T. This is the reason why it is independent from the function class.",
      "suffix": "",
      "review_action": "arg_fact",
      "fine_review_action": "none",
      "aspect": "none",
      "polarity": "none"
    },
    {
      "review_id": "Byl0ceB1cH",
      "sentence_index": 11,
      "text": "The total error in estimating the mutual information must take this error in account, and not only the validation error.",
      "suffix": "",
      "review_action": "arg_evaluative",
      "fine_review_action": "none",
      "aspect": "asp_substance",
      "polarity": "pol_negative"
    },
    {
      "review_id": "Byl0ceB1cH",
      "sentence_index": 12,
      "text": "Hence the theoretical sample complexities contributed are not comparable to those of MIME.",
      "suffix": "\n\n",
      "review_action": "arg_evaluative",
      "fine_review_action": "none",
      "aspect": "asp_meaningful-comparison",
      "polarity": "pol_negative"
    },
    {
      "review_id": "Byl0ceB1cH",
      "sentence_index": 13,
      "text": "The meta-learning estimator seems to involve a significant implementation complexity, for instance heuristic switchs between estimation approaches.",
      "suffix": "",
      "review_action": "arg_fact",
      "fine_review_action": "none",
      "aspect": "none",
      "polarity": "none"
    },
    {
      "review_id": "Byl0ceB1cH",
      "sentence_index": 14,
      "text": "The danger is that could hard to make reliable in a wide set of applications.",
      "suffix": "",
      "review_action": "arg_fact",
      "fine_review_action": "none",
      "aspect": "none",
      "polarity": "none"
    },
    {
      "review_id": "Byl0ceB1cH",
      "sentence_index": 15,
      "text": "It would be more convincing to see more experiments.",
      "suffix": "",
      "review_action": "arg_request",
      "fine_review_action": "arg-request_experiment",
      "aspect": "asp_substance",
      "polarity": "pol_positive"
    },
    {
      "review_id": "Byl0ceB1cH",
      "sentence_index": 16,
      "text": "Along this direction, it is problematic that, in the synthetic examples, the relative  performance of methods changes significantly from experiment to experiment and there does not seem to be a simple way to control that.",
      "suffix": "",
      "review_action": "arg_evaluative",
      "fine_review_action": "none",
      "aspect": "asp_substance",
      "polarity": "pol_negative"
    },
    {
      "review_id": "Byl0ceB1cH",
      "sentence_index": 17,
      "text": "On the other hand, the MIME-f-ES tends to have a reasonably good failure mode.",
      "suffix": "\n\n",
      "review_action": "arg_fact",
      "fine_review_action": "none",
      "aspect": "none",
      "polarity": "none"
    },
    {
      "review_id": "Byl0ceB1cH",
      "sentence_index": 18,
      "text": "I would have been interested in \"false detection\" experiments: comparing estimator in a variety of problems where the mutual information is zero, but for different marginal distribution.",
      "suffix": "",
      "review_action": "arg_request",
      "fine_review_action": "arg-request_experiment",
      "aspect": "asp_substance",
      "polarity": "pol_negative"
    },
    {
      "review_id": "Byl0ceB1cH",
      "sentence_index": 19,
      "text": "This is particularly important when the application is to test for independence, as in the fMRI experiments.",
      "suffix": "\n\n",
      "review_action": "arg_fact",
      "fine_review_action": "none",
      "aspect": "none",
      "polarity": "none"
    },
    {
      "review_id": "Byl0ceB1cH",
      "sentence_index": 20,
      "text": "For hyper-parameter search (using hyperopt), the manuscript should make it explicit what metric is optimized.",
      "suffix": "",
      "review_action": "arg_fact",
      "fine_review_action": "none",
      "aspect": "none",
      "polarity": "none"
    },
    {
      "review_id": "Byl0ceB1cH",
      "sentence_index": 21,
      "text": "Is it the data fit of the neural networks? With what specific measure?",
      "suffix": "\n\n",
      "review_action": "arg_request",
      "fine_review_action": "arg-request_explanation",
      "aspect": "asp_substance",
      "polarity": "none"
    },
    {
      "review_id": "Byl0ceB1cH",
      "sentence_index": 22,
      "text": "With regards to the fMRI experiments, good baselines are missing: DEMINE is compared to Pearson correlation.",
      "suffix": "",
      "review_action": "arg_evaluative",
      "fine_review_action": "none",
      "aspect": "asp_meaningful-comparison",
      "polarity": "pol_negative"
    },
    {
      "review_id": "Byl0ceB1cH",
      "sentence_index": 23,
      "text": "Additionally, CNNs are not a particularly good architecture for fMRI, as fMRI is not locally translation invariant (see Ayd\u00f6re ICML 2019 for instance).",
      "suffix": "",
      "review_action": "arg_fact",
      "fine_review_action": "none",
      "aspect": "none",
      "polarity": "none"
    },
    {
      "review_id": "Byl0ceB1cH",
      "sentence_index": 24,
      "text": "Finally, it seems that the goal here is to test for independence.",
      "suffix": "",
      "review_action": "arg_fact",
      "fine_review_action": "none",
      "aspect": "none",
      "polarity": "none"
    },
    {
      "review_id": "Byl0ceB1cH",
      "sentence_index": 25,
      "text": "In such a situation, there are better strategies for higher-order tests of independence than estimating mutual information, in particular estimator that give a control p-value.",
      "suffix": "\n\n",
      "review_action": "arg_evaluative",
      "fine_review_action": "none",
      "aspect": "asp_substance",
      "polarity": "pol_negative"
    },
    {
      "review_id": "Byl0ceB1cH",
      "sentence_index": 26,
      "text": "Minor comments:",
      "suffix": "\n\n",
      "review_action": "arg_structuring",
      "fine_review_action": "arg-structuring_heading",
      "aspect": "none",
      "polarity": "none"
    },
    {
      "review_id": "Byl0ceB1cH",
      "sentence_index": 27,
      "text": "Alg 1 seems a fairly generic neural-network fitting algorithm.",
      "suffix": "",
      "review_action": "arg_fact",
      "fine_review_action": "none",
      "aspect": "none",
      "polarity": "none"
    },
    {
      "review_id": "Byl0ceB1cH",
      "sentence_index": 28,
      "text": "In its current state, I am not sure that it adds a lot to the manuscript.",
      "suffix": "\n\n",
      "review_action": "arg_request",
      "fine_review_action": "arg-request_experiment",
      "aspect": "asp_substance",
      "polarity": "pol_negative"
    },
    {
      "review_id": "Byl0ceB1cH",
      "sentence_index": 29,
      "text": "There are many acronyms that are never defined: MINE, TCPC",
      "suffix": "",
      "review_action": "arg_evaluative",
      "fine_review_action": "none",
      "aspect": "asp_substance",
      "polarity": "pol_negative"
    }
  ],
  "rebuttal_sentences": [
    {
      "review_id": "Byl0ceB1cH",
      "rebuttal_id": "rJlbnvS1oH",
      "sentence_index": 0,
      "text": "Thank you for the detailed review.",
      "suffix": "",
      "rebuttal_stance": "nonarg",
      "rebuttal_action": "rebuttal_structuring",
      "alignment": [
        "context_global",
        null
      ],
      "details": {}
    },
    {
      "review_id": "Byl0ceB1cH",
      "rebuttal_id": "rJlbnvS1oH",
      "sentence_index": 1,
      "text": "We appreciate your comments on the contributions of our work and the nature of our approach, as well as suggestion of experiments and paper writing.",
      "suffix": "",
      "rebuttal_stance": "concur",
      "rebuttal_action": "rebuttal_answer",
      "alignment": [
        "context_global",
        null
      ],
      "details": {}
    },
    {
      "review_id": "Byl0ceB1cH",
      "rebuttal_id": "rJlbnvS1oH",
      "sentence_index": 2,
      "text": "Before delving in and providing more details, we have some initial thoughts about the theoretical issues you brought up.",
      "suffix": "\n\n",
      "rebuttal_stance": "nonarg",
      "rebuttal_action": "rebuttal_structuring",
      "alignment": [
        "context_global",
        null
      ],
      "details": {}
    },
    {
      "review_id": "Byl0ceB1cH",
      "rebuttal_id": "rJlbnvS1oH",
      "sentence_index": 3,
      "text": "Regarding theorem 1 and the sample complexity of MINE, we also had discussions on why we think they are comparable or not and discussed that on page 5 in our submission.",
      "suffix": "",
      "rebuttal_stance": "concur",
      "rebuttal_action": "rebuttal_answer",
      "alignment": [
        "context_sentences",
        [
          9,
          10,
          11
        ]
      ],
      "details": {}
    },
    {
      "review_id": "Byl0ceB1cH",
      "rebuttal_id": "rJlbnvS1oH",
      "sentence_index": 4,
      "text": "The tldr is that the MINE sample complexity can not only be seen as 1) bounding best achievable MI estimation but also as 2) bounding distance from estimation to a proven MI lower bound.",
      "suffix": "",
      "rebuttal_stance": "concur",
      "rebuttal_action": "rebuttal_answer",
      "alignment": [
        "context_sentences",
        [
          9,
          10,
          11
        ]
      ],
      "details": {}
    },
    {
      "review_id": "Byl0ceB1cH",
      "rebuttal_id": "rJlbnvS1oH",
      "sentence_index": 5,
      "text": "The former is a quite vacuous bound on generalization and would require advances in learning theory to improve, not MI estimation.",
      "suffix": "",
      "rebuttal_stance": "concur",
      "rebuttal_action": "rebuttal_answer",
      "alignment": [
        "context_sentences",
        [
          9,
          10,
          11
        ]
      ],
      "details": {}
    },
    {
      "review_id": "Byl0ceB1cH",
      "rebuttal_id": "rJlbnvS1oH",
      "sentence_index": 6,
      "text": "Our theorem 1 is trying to improve the latter to enable practical applications.",
      "suffix": "",
      "rebuttal_stance": "concur",
      "rebuttal_action": "rebuttal_answer",
      "alignment": [
        "context_sentences",
        [
          9,
          10,
          11
        ]
      ],
      "details": {}
    },
    {
      "review_id": "Byl0ceB1cH",
      "rebuttal_id": "rJlbnvS1oH",
      "sentence_index": 7,
      "text": "Improving the former to the level of practical use is a noble goal, let us know when you have an answer.",
      "suffix": "\n\n",
      "rebuttal_stance": "concur",
      "rebuttal_action": "rebuttal_answer",
      "alignment": [
        "context_sentences",
        [
          9,
          10,
          11
        ]
      ],
      "details": {}
    },
    {
      "review_id": "Byl0ceB1cH",
      "rebuttal_id": "rJlbnvS1oH",
      "sentence_index": 8,
      "text": "Regarding \"false detection\" experiments.",
      "suffix": "",
      "rebuttal_stance": "nonarg",
      "rebuttal_action": "rebuttal_structuring",
      "alignment": [
        "context_sentences",
        [
          18,
          19
        ]
      ],
      "details": {}
    },
    {
      "review_id": "Byl0ceB1cH",
      "rebuttal_id": "rJlbnvS1oH",
      "sentence_index": 9,
      "text": "We really appreciate that you brought up this point.",
      "suffix": "",
      "rebuttal_stance": "nonarg",
      "rebuttal_action": "rebuttal_social",
      "alignment": [
        "context_sentences",
        [
          18,
          19
        ]
      ],
      "details": {}
    },
    {
      "review_id": "Byl0ceB1cH",
      "rebuttal_id": "rJlbnvS1oH",
      "sentence_index": 10,
      "text": "Our synthetic experiments on Gaussians rho=0.0 in Figure 1 do exactly this.",
      "suffix": "",
      "rebuttal_stance": "concur",
      "rebuttal_action": "rebuttal_answer",
      "alignment": [
        "context_sentences",
        [
          18,
          19
        ]
      ],
      "details": {}
    },
    {
      "review_id": "Byl0ceB1cH",
      "rebuttal_id": "rJlbnvS1oH",
      "sentence_index": 11,
      "text": "Results show that MINE-f and MINE-f-ES estimates very much non-zero MI when there should have been 0 MI.",
      "suffix": "",
      "rebuttal_stance": "concur",
      "rebuttal_action": "rebuttal_answer",
      "alignment": [
        "context_sentences",
        [
          18,
          19
        ]
      ],
      "details": {}
    },
    {
      "review_id": "Byl0ceB1cH",
      "rebuttal_id": "rJlbnvS1oH",
      "sentence_index": 12,
      "text": "MINE-f bar is not visible due to overshooting out of the chart.",
      "suffix": "",
      "rebuttal_stance": "concur",
      "rebuttal_action": "rebuttal_answer",
      "alignment": [
        "context_sentences",
        [
          18,
          19
        ]
      ],
      "details": {}
    },
    {
      "review_id": "Byl0ceB1cH",
      "rebuttal_id": "rJlbnvS1oH",
      "sentence_index": 13,
      "text": "DEMINE approaches give estimations closer to 0.",
      "suffix": "",
      "rebuttal_stance": "concur",
      "rebuttal_action": "rebuttal_answer",
      "alignment": [
        "context_sentences",
        [
          18,
          19
        ]
      ],
      "details": {}
    },
    {
      "review_id": "Byl0ceB1cH",
      "rebuttal_id": "rJlbnvS1oH",
      "sentence_index": 14,
      "text": "We often get questions about why our estimators give MI numbers lower than MINE and why are we claiming that our estimator is better.",
      "suffix": "",
      "rebuttal_stance": "concur",
      "rebuttal_action": "rebuttal_answer",
      "alignment": [
        "context_sentences",
        [
          18,
          19
        ]
      ],
      "details": {}
    },
    {
      "review_id": "Byl0ceB1cH",
      "rebuttal_id": "rJlbnvS1oH",
      "sentence_index": 15,
      "text": "But in fact that's exactly because MINE gives false detection but our estimators provably don't.",
      "suffix": "\n\n",
      "rebuttal_stance": "concur",
      "rebuttal_action": "rebuttal_answer",
      "alignment": [
        "context_sentences",
        [
          18,
          19
        ]
      ],
      "details": {}
    },
    {
      "review_id": "Byl0ceB1cH",
      "rebuttal_id": "rJlbnvS1oH",
      "sentence_index": 16,
      "text": "Hyper-parameter search example.",
      "suffix": "",
      "rebuttal_stance": "nonarg",
      "rebuttal_action": "rebuttal_structuring",
      "alignment": [
        "context_sentences",
        [
          20,
          21
        ]
      ],
      "details": {}
    },
    {
      "review_id": "Byl0ceB1cH",
      "rebuttal_id": "rJlbnvS1oH",
      "sentence_index": 17,
      "text": "Say we are given 3000 paired (x,y) observations.",
      "suffix": "",
      "rebuttal_stance": "concur",
      "rebuttal_action": "rebuttal_answer",
      "alignment": [
        "context_sentences",
        [
          20,
          21
        ]
      ],
      "details": {}
    },
    {
      "review_id": "Byl0ceB1cH",
      "rebuttal_id": "rJlbnvS1oH",
      "sentence_index": 18,
      "text": "First divide into 1500 train, 1500 test.",
      "suffix": "",
      "rebuttal_stance": "concur",
      "rebuttal_action": "rebuttal_answer",
      "alignment": [
        "context_sentences",
        [
          20,
          21
        ]
      ],
      "details": {}
    },
    {
      "review_id": "Byl0ceB1cH",
      "rebuttal_id": "rJlbnvS1oH",
      "sentence_index": 19,
      "text": "Take 1500 train and run Algorithm 1 using 3-fold crossval: use 1000 for (x,y)train and 500 for (x,y)val in each run (3 runs total).",
      "suffix": "",
      "rebuttal_stance": "concur",
      "rebuttal_action": "rebuttal_answer",
      "alignment": [
        "context_sentences",
        [
          20,
          21
        ]
      ],
      "details": {}
    },
    {
      "review_id": "Byl0ceB1cH",
      "rebuttal_id": "rJlbnvS1oH",
      "sentence_index": 20,
      "text": "Get MI estimation m1,m2,m3 over 3 folds.",
      "suffix": "",
      "rebuttal_stance": "concur",
      "rebuttal_action": "rebuttal_answer",
      "alignment": [
        "context_sentences",
        [
          20,
          21
        ]
      ],
      "details": {}
    },
    {
      "review_id": "Byl0ceB1cH",
      "rebuttal_id": "rJlbnvS1oH",
      "sentence_index": 21,
      "text": "Compute confidence interval v using Eq.8 using the hyperparameters and 1500 as test set size.",
      "suffix": "",
      "rebuttal_stance": "concur",
      "rebuttal_action": "rebuttal_answer",
      "alignment": [
        "context_sentences",
        [
          20,
          21
        ]
      ],
      "details": {}
    },
    {
      "review_id": "Byl0ceB1cH",
      "rebuttal_id": "rJlbnvS1oH",
      "sentence_index": 22,
      "text": "Hyperparameter search DEMINE-vr maximizes mean([m1,m2,m3])-2std([m1,m2,m3]).",
      "suffix": "",
      "rebuttal_stance": "concur",
      "rebuttal_action": "rebuttal_answer",
      "alignment": [
        "context_sentences",
        [
          20,
          21
        ]
      ],
      "details": {}
    },
    {
      "review_id": "Byl0ceB1cH",
      "rebuttal_id": "rJlbnvS1oH",
      "sentence_index": 23,
      "text": "DEMINE-sig maximizes mean([m1,m2,m3])-v.",
      "suffix": "",
      "rebuttal_stance": "concur",
      "rebuttal_action": "rebuttal_answer",
      "alignment": [
        "context_sentences",
        [
          22,
          23,
          24,
          25
        ]
      ],
      "details": {}
    },
    {
      "review_id": "Byl0ceB1cH",
      "rebuttal_id": "rJlbnvS1oH",
      "sentence_index": 24,
      "text": "Will try to make it more clear.",
      "suffix": "\n\n",
      "rebuttal_stance": "concur",
      "rebuttal_action": "rebuttal_by-cr",
      "alignment": [
        "context_sentences",
        [
          22,
          23,
          24,
          25
        ]
      ],
      "details": {
        "manuscript_change": true
      }
    },
    {
      "review_id": "Byl0ceB1cH",
      "rebuttal_id": "rJlbnvS1oH",
      "sentence_index": 25,
      "text": "Regarding fMRI experiments, our focus is on demonstrating neural MI estimation and dependency test on fMRI data.",
      "suffix": "",
      "rebuttal_stance": "concur",
      "rebuttal_action": "rebuttal_answer",
      "alignment": [
        "context_sentences",
        [
          22,
          23,
          24,
          25
        ]
      ],
      "details": {}
    },
    {
      "review_id": "Byl0ceB1cH",
      "rebuttal_id": "rJlbnvS1oH",
      "sentence_index": 26,
      "text": "We compare with pearson's correlation because it's another widely used technique that can perform both correlation analysis as well as significance test.",
      "suffix": "",
      "rebuttal_stance": "concur",
      "rebuttal_action": "rebuttal_answer",
      "alignment": [
        "context_sentences",
        [
          22,
          23,
          24,
          25
        ]
      ],
      "details": {}
    },
    {
      "review_id": "Byl0ceB1cH",
      "rebuttal_id": "rJlbnvS1oH",
      "sentence_index": 27,
      "text": "We used a simple 1D CNN where convolution happens over the time dimension, not the spatial dimensions.",
      "suffix": "",
      "rebuttal_stance": "concur",
      "rebuttal_action": "rebuttal_answer",
      "alignment": [
        "context_sentences",
        [
          22,
          23,
          24,
          25
        ]
      ],
      "details": {}
    },
    {
      "review_id": "Byl0ceB1cH",
      "rebuttal_id": "rJlbnvS1oH",
      "sentence_index": 28,
      "text": "Better architectures, e.g. transformers over time + graph networks over space could improve performance, but not our focus and we leave that to future work.",
      "suffix": "\n\n",
      "rebuttal_stance": "concur",
      "rebuttal_action": "rebuttal_answer",
      "alignment": [
        "context_sentences",
        [
          22,
          23,
          24,
          25
        ]
      ],
      "details": {}
    },
    {
      "review_id": "Byl0ceB1cH",
      "rebuttal_id": "rJlbnvS1oH",
      "sentence_index": 29,
      "text": "Higher-order and nonlinear covariance tests may make very appealing comparisons and we are looking into it.",
      "suffix": "",
      "rebuttal_stance": "concur",
      "rebuttal_action": "rebuttal_answer",
      "alignment": [
        "context_sentences",
        [
          22,
          23,
          24,
          25
        ]
      ],
      "details": {}
    },
    {
      "review_id": "Byl0ceB1cH",
      "rebuttal_id": "rJlbnvS1oH",
      "sentence_index": 30,
      "text": "A first impression is that our technique is more general and will probably give looser bounds, but may be applicable to a wider range of problems not only ones that have specifically that type of covariance, just like DEMINE vs Pearson's correlation.",
      "suffix": "",
      "rebuttal_stance": "concur",
      "rebuttal_action": "rebuttal_answer",
      "alignment": [
        "context_sentences",
        [
          22,
          23,
          24,
          25
        ]
      ],
      "details": {}
    },
    {
      "review_id": "Byl0ceB1cH",
      "rebuttal_id": "rJlbnvS1oH",
      "sentence_index": 31,
      "text": "But at the same time we also have questions on how much additional insight it brings, as it's not an apples to apples comparison, so neither tight or loose estimations diminish the value of both types of approaches.",
      "suffix": "",
      "rebuttal_stance": "concur",
      "rebuttal_action": "rebuttal_answer",
      "alignment": [
        "context_sentences",
        [
          22,
          23,
          24,
          25
        ]
      ],
      "details": {}
    }
  ]
}