{
  "metadata": {
    "forum_id": "ByxAcjCqt7",
    "review_id": "H1e8c5rL3Q",
    "rebuttal_id": "HJg61YeLRX",
    "title": "Point Cloud GAN",
    "reviewer": "AnonReviewer3",
    "rating": 5,
    "conference": "ICLR2019",
    "permalink": "https://openreview.net/forum?id=ByxAcjCqt7&noteId=HJg61YeLRX",
    "annotator": "anno2"
  },
  "review_sentences": [
    {
      "review_id": "H1e8c5rL3Q",
      "sentence_index": 0,
      "text": "Summary:",
      "suffix": "\n",
      "review_action": "arg_structuring",
      "fine_review_action": "arg-structuring_heading",
      "aspect": "none",
      "polarity": "none"
    },
    {
      "review_id": "H1e8c5rL3Q",
      "sentence_index": 1,
      "text": "This paper introduces a generative model for 3D point clouds.",
      "suffix": "",
      "review_action": "arg_structuring",
      "fine_review_action": "arg-structuring_summary",
      "aspect": "none",
      "polarity": "none"
    },
    {
      "review_id": "H1e8c5rL3Q",
      "sentence_index": 2,
      "text": "Authors aim at theoretically showing the difficulties of using existing generative models to learn distributions of point clouds, and propose a variant that supposedly solves the issues.",
      "suffix": "\n\n",
      "review_action": "arg_structuring",
      "fine_review_action": "arg-structuring_summary",
      "aspect": "none",
      "polarity": "none"
    },
    {
      "review_id": "H1e8c5rL3Q",
      "sentence_index": 3,
      "text": "Pros:",
      "suffix": "\n",
      "review_action": "arg_structuring",
      "fine_review_action": "arg-structuring_heading",
      "aspect": "none",
      "polarity": "none"
    },
    {
      "review_id": "H1e8c5rL3Q",
      "sentence_index": 4,
      "text": "+ The problem of designing generative models for 3D data is important.",
      "suffix": "\n\n",
      "review_action": "arg_evaluative",
      "fine_review_action": "none",
      "aspect": "asp_motivation-impact",
      "polarity": "pol_positive"
    },
    {
      "review_id": "H1e8c5rL3Q",
      "sentence_index": 5,
      "text": "Cons:",
      "suffix": "\n",
      "review_action": "arg_structuring",
      "fine_review_action": "arg-structuring_heading",
      "aspect": "none",
      "polarity": "none"
    },
    {
      "review_id": "H1e8c5rL3Q",
      "sentence_index": 6,
      "text": "- Paper is often hard to follow, and contains a significant number of typos.",
      "suffix": "\n",
      "review_action": "arg_evaluative",
      "fine_review_action": "none",
      "aspect": "asp_clarity",
      "polarity": "pol_negative"
    },
    {
      "review_id": "H1e8c5rL3Q",
      "sentence_index": 7,
      "text": "- Authors claim to identify a fundamental problem with the existing generative models for point clouds, yet Section 2 tries to show that a _specific version_ that uses DeepSet does not satisfy theoretical guarantees. What if we use e.g. a recurrent network instead?",
      "suffix": "",
      "review_action": "arg_request",
      "fine_review_action": "arg-request_explanation",
      "aspect": "asp_soundness-correctness",
      "polarity": "pol_negative"
    },
    {
      "review_id": "H1e8c5rL3Q",
      "sentence_index": 8,
      "text": "As is, the counter example proof itself is quite confusing: it would really help if the proof was more formal.",
      "suffix": "\n",
      "review_action": "arg_evaluative",
      "fine_review_action": "none",
      "aspect": "asp_clarity",
      "polarity": "pol_negative"
    },
    {
      "review_id": "H1e8c5rL3Q",
      "sentence_index": 9,
      "text": "- Jointly learning an inference network (Q) has certainly been done before, and I am not sure authors provide an elaborate enough explanation of what is the difference with adversarially learned inference /  adversarial feature learning.",
      "suffix": "\n",
      "review_action": "arg_evaluative",
      "fine_review_action": "none",
      "aspect": "asp_meaningful-comparison",
      "polarity": "pol_negative"
    },
    {
      "review_id": "H1e8c5rL3Q",
      "sentence_index": 10,
      "text": "- It is not clear why authors did not follow the evaluation protocol of [Achlioptas\u201917] or [Wu\u201916] more closely.",
      "suffix": "",
      "review_action": "arg_evaluative",
      "fine_review_action": "none",
      "aspect": "asp_soundness-correctness",
      "polarity": "pol_negative"
    },
    {
      "review_id": "H1e8c5rL3Q",
      "sentence_index": 11,
      "text": "In particular, evaluation for the classification task should be compatible with the proposed model, which would give a much better picture of the learned representations.",
      "suffix": "",
      "review_action": "arg_fact",
      "fine_review_action": "none",
      "aspect": "none",
      "polarity": "none"
    }
  ],
  "rebuttal_sentences": [
    {
      "review_id": "H1e8c5rL3Q",
      "rebuttal_id": "HJg61YeLRX",
      "sentence_index": 0,
      "text": "1.",
      "suffix": "",
      "rebuttal_stance": "nonarg",
      "rebuttal_action": "rebuttal_structuring",
      "alignment": [
        "context_in-rebuttal",
        null
      ],
      "details": {}
    },
    {
      "review_id": "H1e8c5rL3Q",
      "rebuttal_id": "HJg61YeLRX",
      "sentence_index": 1,
      "text": "The purpose of the counterexample is only to show that there exists some spurious solutions to GANs with general DeepSets-style discriminator for point clouds.",
      "suffix": "",
      "rebuttal_stance": "dispute",
      "rebuttal_action": "rebuttal_reject-criticism",
      "alignment": [
        "context_sentences",
        [
          7,
          8
        ]
      ],
      "details": {}
    },
    {
      "review_id": "H1e8c5rL3Q",
      "rebuttal_id": "HJg61YeLRX",
      "sentence_index": 2,
      "text": "We agree that setup we selected is destined to fail, but it was done on purpose to illustrate the presence of spurious solutions.",
      "suffix": "",
      "rebuttal_stance": "dispute",
      "rebuttal_action": "rebuttal_reject-criticism",
      "alignment": [
        "context_sentences",
        [
          7,
          8
        ]
      ],
      "details": {}
    },
    {
      "review_id": "H1e8c5rL3Q",
      "rebuttal_id": "HJg61YeLRX",
      "sentence_index": 3,
      "text": "A good generator and discriminator would definitely be a solution as well.",
      "suffix": "",
      "rebuttal_stance": "dispute",
      "rebuttal_action": "rebuttal_reject-criticism",
      "alignment": [
        "context_sentences",
        [
          7,
          8
        ]
      ],
      "details": {}
    },
    {
      "review_id": "H1e8c5rL3Q",
      "rebuttal_id": "HJg61YeLRX",
      "sentence_index": 4,
      "text": "However, solutions during optimization might not always correspond to such good solutions and can also correspond to the demonstrated spurious solutions.",
      "suffix": "",
      "rebuttal_stance": "dispute",
      "rebuttal_action": "rebuttal_reject-criticism",
      "alignment": [
        "context_sentences",
        [
          7,
          8
        ]
      ],
      "details": {}
    },
    {
      "review_id": "H1e8c5rL3Q",
      "rebuttal_id": "HJg61YeLRX",
      "sentence_index": 5,
      "text": "We found empirically that GAN with simple DeepSet-like discriminator most of the times fails to learn to generate point clouds even after converging, however, it does sometimes results in reasonable generations (although worse than proposed PC-GAN).",
      "suffix": "",
      "rebuttal_stance": "dispute",
      "rebuttal_action": "rebuttal_reject-criticism",
      "alignment": [
        "context_sentences",
        [
          7,
          8
        ]
      ],
      "details": {}
    },
    {
      "review_id": "H1e8c5rL3Q",
      "rebuttal_id": "HJg61YeLRX",
      "sentence_index": 6,
      "text": "So, we do not consider the argument to be unrealistic as we often observe the degeneracy.",
      "suffix": "",
      "rebuttal_stance": "dispute",
      "rebuttal_action": "rebuttal_reject-criticism",
      "alignment": [
        "context_sentences",
        [
          7,
          8
        ]
      ],
      "details": {}
    },
    {
      "review_id": "H1e8c5rL3Q",
      "rebuttal_id": "HJg61YeLRX",
      "sentence_index": 7,
      "text": "So the message here is that we need additional constraints for GANs with simple DeepSet-like discriminator to exclude such bad solutions and lead to a more stable training.",
      "suffix": "",
      "rebuttal_stance": "dispute",
      "rebuttal_action": "rebuttal_reject-criticism",
      "alignment": [
        "context_sentences",
        [
          7,
          8
        ]
      ],
      "details": {}
    },
    {
      "review_id": "H1e8c5rL3Q",
      "rebuttal_id": "HJg61YeLRX",
      "sentence_index": 8,
      "text": "Other architectures like RNN might work, but they are not permutation invariant, which is a desirable property for set data like point clouds.",
      "suffix": "",
      "rebuttal_stance": "dispute",
      "rebuttal_action": "rebuttal_reject-criticism",
      "alignment": [
        "context_sentences",
        [
          7,
          8
        ]
      ],
      "details": {}
    },
    {
      "review_id": "H1e8c5rL3Q",
      "rebuttal_id": "HJg61YeLRX",
      "sentence_index": 9,
      "text": "More comparisons between using RNN and DeepSets for other tasks on set data can refer to Zaheer et al., (2017).",
      "suffix": "\n\n",
      "rebuttal_stance": "dispute",
      "rebuttal_action": "rebuttal_reject-criticism",
      "alignment": [
        "context_sentences",
        [
          7,
          8
        ]
      ],
      "details": {}
    },
    {
      "review_id": "H1e8c5rL3Q",
      "rebuttal_id": "HJg61YeLRX",
      "sentence_index": 10,
      "text": "2.",
      "suffix": "",
      "rebuttal_stance": "nonarg",
      "rebuttal_action": "rebuttal_structuring",
      "alignment": [
        "context_in-rebuttal",
        null
      ],
      "details": {}
    },
    {
      "review_id": "H1e8c5rL3Q",
      "rebuttal_id": "HJg61YeLRX",
      "sentence_index": 11,
      "text": "As we discussed in the end of Section 3, ALI and BiGan\u2019s goal is to match (z, G(z)) and (Q(X), X), which aims to infer the random noise z and enforce the latent code to follow noise  distribution (e.g. Gaussian).",
      "suffix": "",
      "rebuttal_stance": "nonarg",
      "rebuttal_action": "rebuttal_summary",
      "alignment": [
        "context_sentences",
        [
          9
        ]
      ],
      "details": {}
    },
    {
      "review_id": "H1e8c5rL3Q",
      "rebuttal_id": "HJg61YeLRX",
      "sentence_index": 12,
      "text": "On the other hand, we do not enforce Q(X) to follow from Gaussian.",
      "suffix": "",
      "rebuttal_stance": "dispute",
      "rebuttal_action": "rebuttal_reject-criticism",
      "alignment": [
        "context_sentences",
        [
          9
        ]
      ],
      "details": {}
    },
    {
      "review_id": "H1e8c5rL3Q",
      "rebuttal_id": "HJg61YeLRX",
      "sentence_index": 13,
      "text": "Instead, we train the other G_theta(u) to match Q(X), which is more similar to AAE-like works (Engel et al., 2017; Kim et al., 2017; Achlioptas et al. 2017).",
      "suffix": "",
      "rebuttal_stance": "dispute",
      "rebuttal_action": "rebuttal_reject-criticism",
      "alignment": [
        "context_sentences",
        [
          9
        ]
      ],
      "details": {}
    },
    {
      "review_id": "H1e8c5rL3Q",
      "rebuttal_id": "HJg61YeLRX",
      "sentence_index": 14,
      "text": "The difference of the interpretation between PC-GAN and  those AAE-like work is also explained in the second paragraph of Sec 4.",
      "suffix": "\n\n",
      "rebuttal_stance": "dispute",
      "rebuttal_action": "rebuttal_reject-criticism",
      "alignment": [
        "context_sentences",
        [
          9
        ]
      ],
      "details": {}
    },
    {
      "review_id": "H1e8c5rL3Q",
      "rebuttal_id": "HJg61YeLRX",
      "sentence_index": 15,
      "text": "3. We followed the same protocol that we trained on ShapeNet55 and tested on ModelNet40 testing set.",
      "suffix": "",
      "rebuttal_stance": "dispute",
      "rebuttal_action": "rebuttal_reject-criticism",
      "alignment": [
        "context_sentences",
        [
          10,
          11
        ]
      ],
      "details": {}
    },
    {
      "review_id": "H1e8c5rL3Q",
      "rebuttal_id": "HJg61YeLRX",
      "sentence_index": 16,
      "text": "Please check Table 3 in the revision.",
      "suffix": "",
      "rebuttal_stance": "nonarg",
      "rebuttal_action": "rebuttal_structuring",
      "alignment": [
        "context_sentences",
        [
          10,
          11
        ]
      ],
      "details": {}
    },
    {
      "review_id": "H1e8c5rL3Q",
      "rebuttal_id": "HJg61YeLRX",
      "sentence_index": 17,
      "text": "PC-GAN achieves 86.9% accuracy which is better than AAE (84.5%),  3D-GAN (83.3%) and other unsupervised learning approach.",
      "suffix": "",
      "rebuttal_stance": "dispute",
      "rebuttal_action": "rebuttal_reject-criticism",
      "alignment": [
        "context_sentences",
        [
          10,
          11
        ]
      ],
      "details": {}
    }
  ]
}