{
  "metadata": {
    "forum_id": "rkxQ-nA9FX",
    "review_id": "H1xdKxiDp7",
    "rebuttal_id": "HkxDvh89A7",
    "title": "Theoretical Analysis of Auto Rate-Tuning by Batch Normalization",
    "reviewer": "AnonReviewer4",
    "rating": 7,
    "conference": "ICLR2019",
    "permalink": "https://openreview.net/forum?id=rkxQ-nA9FX&noteId=HkxDvh89A7",
    "annotator": "anno9"
  },
  "review_sentences": [
    {
      "review_id": "H1xdKxiDp7",
      "sentence_index": 0,
      "text": "* Strengths:",
      "suffix": "\n",
      "review_action": "arg_structuring",
      "fine_review_action": "arg-structuring_heading",
      "aspect": "none",
      "polarity": "none"
    },
    {
      "review_id": "H1xdKxiDp7",
      "sentence_index": 1,
      "text": "- The paper gives theoretical insight into why Batch Normalization is useful in making neural network training more robust and is therefore an important contribution to the literature.",
      "suffix": "\n",
      "review_action": "arg_structuring",
      "fine_review_action": "arg-structuring_summary",
      "aspect": "none",
      "polarity": "none"
    },
    {
      "review_id": "H1xdKxiDp7",
      "sentence_index": 2,
      "text": "- While the actual arguments are somewhat technical as is expected from such a paper, the motivation and general strategy is very easy to follow and insightful.",
      "suffix": "\n\n",
      "review_action": "arg_evaluative",
      "fine_review_action": "none",
      "aspect": "asp_substance",
      "polarity": "pol_positive"
    },
    {
      "review_id": "H1xdKxiDp7",
      "sentence_index": 3,
      "text": "* Weaknesses:",
      "suffix": "\n",
      "review_action": "arg_structuring",
      "fine_review_action": "arg-structuring_heading",
      "aspect": "none",
      "polarity": "none"
    },
    {
      "review_id": "H1xdKxiDp7",
      "sentence_index": 4,
      "text": "- The bounds do not immediately apply in the batch normalization setting as used by neural network practitioners, however there are practical ways to link the two settings as pointed out in section 2.4",
      "suffix": "\n",
      "review_action": "arg_evaluative",
      "fine_review_action": "none",
      "aspect": "asp_soundness-correctness",
      "polarity": "none"
    },
    {
      "review_id": "H1xdKxiDp7",
      "sentence_index": 5,
      "text": "- As the authors point out, the idea of using a batch-normalization like strategy to set an adaptive learning rate has already been explored in the WNGrad paper.",
      "suffix": "",
      "review_action": "arg_structuring",
      "fine_review_action": "arg-structuring_quote",
      "aspect": "none",
      "polarity": "none"
    },
    {
      "review_id": "H1xdKxiDp7",
      "sentence_index": 6,
      "text": "However it is valuable to have a similar analysis closer to the batch normalization setting used by most practitioners.",
      "suffix": "\n",
      "review_action": "arg_request",
      "fine_review_action": "arg-request_experiment",
      "aspect": "asp_meaningful-comparison",
      "polarity": "pol_positive"
    },
    {
      "review_id": "H1xdKxiDp7",
      "sentence_index": 7,
      "text": "- Currently there is no experimental evaluation of the claims, which would be valuable given that the setting doesn't immediately apply in the normal batch normalization setting.",
      "suffix": "",
      "review_action": "arg_request",
      "fine_review_action": "arg-request_experiment",
      "aspect": "asp_substance",
      "polarity": "none"
    },
    {
      "review_id": "H1xdKxiDp7",
      "sentence_index": 8,
      "text": "I would like to see evidence that the main benefit from batch normalization indeed comes from picking a good adaptive learning rate.",
      "suffix": "\n\n",
      "review_action": "arg_request",
      "fine_review_action": "arg-request_result",
      "aspect": "asp_soundness-correctness",
      "polarity": "none"
    },
    {
      "review_id": "H1xdKxiDp7",
      "sentence_index": 9,
      "text": "Overall I recommend publishing the paper as it is a well-written and insightful discussion of batch normalization. Be aware that I read the paper and wrote this review on short notice, so I didn't have time to go through all the arguments in detail.",
      "suffix": "",
      "review_action": "arg_evaluative",
      "fine_review_action": "none",
      "aspect": "asp_originality",
      "polarity": "pol_positive"
    }
  ],
  "rebuttal_sentences": [
    {
      "review_id": "H1xdKxiDp7",
      "rebuttal_id": "HkxDvh89A7",
      "sentence_index": 0,
      "text": "Thanks for your valuable review! We've added an experiment section in the new revision, showing how BN helps convergence in the training process.",
      "suffix": "",
      "rebuttal_stance": "concur",
      "rebuttal_action": "rebuttal_done",
      "alignment": [
        "context_sentences",
        [
          7,
          8
        ]
      ],
      "details": {
        "request_out_of_scope": true
      }
    }
  ]
}