{
  "metadata": {
    "forum_id": "HkfYOoCcYX",
    "review_id": "HJlAUngO2X",
    "rebuttal_id": "rygt-_dF0X",
    "title": "Double Viterbi: Weight Encoding for High Compression Ratio and Fast On-Chip Reconstruction for Deep Neural Network",
    "reviewer": "AnonReviewer1",
    "rating": 6,
    "conference": "ICLR2019",
    "permalink": "https://openreview.net/forum?id=HkfYOoCcYX&noteId=rygt-_dF0X",
    "annotator": "anno10"
  },
  "review_sentences": [
    {
      "review_id": "HJlAUngO2X",
      "sentence_index": 0,
      "text": "The paper proposes two additional steps to improve the compression of weights in deep neural networks.",
      "suffix": "",
      "review_action": "arg_structuring",
      "fine_review_action": "arg-structuring_summary",
      "aspect": "none",
      "polarity": "none"
    },
    {
      "review_id": "HJlAUngO2X",
      "sentence_index": 1,
      "text": "The first is to quantize the weights after pruning, and the second is to further encode the quantized weights.",
      "suffix": "\n\n",
      "review_action": "arg_structuring",
      "fine_review_action": "arg-structuring_summary",
      "aspect": "none",
      "polarity": "none"
    },
    {
      "review_id": "HJlAUngO2X",
      "sentence_index": 2,
      "text": "There are several weaknesses in this paper.",
      "suffix": "",
      "review_action": "arg_evaluative",
      "fine_review_action": "none",
      "aspect": "arg_other",
      "polarity": "pol_negative"
    },
    {
      "review_id": "HJlAUngO2X",
      "sentence_index": 3,
      "text": "The first one is clarity.",
      "suffix": "",
      "review_action": "arg_evaluative",
      "fine_review_action": "none",
      "aspect": "asp_clarity",
      "polarity": "pol_negative"
    },
    {
      "review_id": "HJlAUngO2X",
      "sentence_index": 4,
      "text": "The paper is not very self-contained, and I have to constantly go back to Lee et al. and Xu et al. in order to read through the paper.",
      "suffix": "\n\n",
      "review_action": "arg_evaluative",
      "fine_review_action": "none",
      "aspect": "asp_clarity",
      "polarity": "pol_negative"
    },
    {
      "review_id": "HJlAUngO2X",
      "sentence_index": 5,
      "text": "The paper can be made more mathematically precise.",
      "suffix": "",
      "review_action": "arg_request",
      "fine_review_action": "arg-request_edit",
      "aspect": "asp_clarity",
      "polarity": "pol_negative"
    },
    {
      "review_id": "HJlAUngO2X",
      "sentence_index": 6,
      "text": "The input and output types of each block in Figure 1. should be clearly stated.",
      "suffix": "",
      "review_action": "arg_request",
      "fine_review_action": "arg-request_edit",
      "aspect": "asp_clarity",
      "polarity": "pol_negative"
    },
    {
      "review_id": "HJlAUngO2X",
      "sentence_index": 7,
      "text": "For example, in Section 3.2, it can be made clear that the domain of the quantization function is the real and the codomain is a sequence k bits.",
      "suffix": "",
      "review_action": "arg_request",
      "fine_review_action": "arg-request_edit",
      "aspect": "asp_clarity",
      "polarity": "pol_negative"
    },
    {
      "review_id": "HJlAUngO2X",
      "sentence_index": 8,
      "text": "Since the paper relies so heavily on Lee et al., the authors should make an effort to summarize the approach in a mathematically precise way.",
      "suffix": "\n\n",
      "review_action": "arg_request",
      "fine_review_action": "arg-request_edit",
      "aspect": "asp_clarity",
      "polarity": "pol_negative"
    },
    {
      "review_id": "HJlAUngO2X",
      "sentence_index": 9,
      "text": "The figures are almost useless, because the captions contain very little information.",
      "suffix": "",
      "review_action": "arg_evaluative",
      "fine_review_action": "none",
      "aspect": "asp_clarity",
      "polarity": "pol_negative"
    },
    {
      "review_id": "HJlAUngO2X",
      "sentence_index": 10,
      "text": "For example, the authors should at least say that the \"D\" in Figure 2. stands for delay, and the underline in Figure 4. indicates the bits that are not pruned.",
      "suffix": "",
      "review_action": "arg_evaluative",
      "fine_review_action": "none",
      "aspect": "asp_clarity",
      "polarity": "pol_negative"
    },
    {
      "review_id": "HJlAUngO2X",
      "sentence_index": 11,
      "text": "Many more can be said in all the figures.",
      "suffix": "\n\n",
      "review_action": "arg_evaluative",
      "fine_review_action": "none",
      "aspect": "asp_clarity",
      "polarity": "pol_negative"
    },
    {
      "review_id": "HJlAUngO2X",
      "sentence_index": 12,
      "text": "The second weakness is experimental design.",
      "suffix": "",
      "review_action": "arg_evaluative",
      "fine_review_action": "none",
      "aspect": "asp_substance",
      "polarity": "pol_negative"
    },
    {
      "review_id": "HJlAUngO2X",
      "sentence_index": 13,
      "text": "There are two conflicting qualities that need to be optimized--performance and compression rate.",
      "suffix": "",
      "review_action": "arg_fact",
      "fine_review_action": "none",
      "aspect": "none",
      "polarity": "none"
    },
    {
      "review_id": "HJlAUngO2X",
      "sentence_index": 14,
      "text": "When optimizing the compression rate, it is important not to look at the test set error.",
      "suffix": "",
      "review_action": "arg_evaluative",
      "fine_review_action": "none",
      "aspect": "asp_soundness-correctness",
      "polarity": "pol_negative"
    },
    {
      "review_id": "HJlAUngO2X",
      "sentence_index": 15,
      "text": "If the compression rate is optimized on the test set, then the compressed model is nothing but a model overfit to the test set.",
      "suffix": "",
      "review_action": "arg_evaluative",
      "fine_review_action": "none",
      "aspect": "asp_soundness-correctness",
      "polarity": "pol_negative"
    },
    {
      "review_id": "HJlAUngO2X",
      "sentence_index": 16,
      "text": "The test set is typically small compared to the training set, so it is no surprise that the compression rate can be as high as 90%.",
      "suffix": "\n\n",
      "review_action": "arg_fact",
      "fine_review_action": "none",
      "aspect": "none",
      "polarity": "none"
    },
    {
      "review_id": "HJlAUngO2X",
      "sentence_index": 17,
      "text": "Optimizing compression rates should be done on the training set with a separate development set.",
      "suffix": "",
      "review_action": "arg_evaluative",
      "fine_review_action": "none",
      "aspect": "asp_soundness-correctness",
      "polarity": "pol_negative"
    },
    {
      "review_id": "HJlAUngO2X",
      "sentence_index": 18,
      "text": "The test set should not used before the best compression scheme is selected.",
      "suffix": "",
      "review_action": "arg_evaluative",
      "fine_review_action": "none",
      "aspect": "asp_soundness-correctness",
      "polarity": "pol_negative"
    },
    {
      "review_id": "HJlAUngO2X",
      "sentence_index": 19,
      "text": "Both the results on the development set and on the test set should be reported for the validity of the experiments.",
      "suffix": "",
      "review_action": "arg_request",
      "fine_review_action": "arg-request_experiment",
      "aspect": "asp_substance",
      "polarity": "pol_negative"
    },
    {
      "review_id": "HJlAUngO2X",
      "sentence_index": 20,
      "text": "I do not see these experimental settings mentioned anywhere in the paper, and this is very concerning.",
      "suffix": "",
      "review_action": "arg_evaluative",
      "fine_review_action": "none",
      "aspect": "asp_soundness-correctness",
      "polarity": "pol_negative"
    },
    {
      "review_id": "HJlAUngO2X",
      "sentence_index": 21,
      "text": "Lee et al. seem to make similar mistakes, and it is likely that their experimental design is also flawed.",
      "suffix": "",
      "review_action": "arg_evaluative",
      "fine_review_action": "none",
      "aspect": "asp_soundness-correctness",
      "polarity": "pol_negative"
    }
  ],
  "rebuttal_sentences": [
    {
      "review_id": "HJlAUngO2X",
      "rebuttal_id": "rygt-_dF0X",
      "sentence_index": 0,
      "text": "Thank you very much for the comments.",
      "suffix": "",
      "rebuttal_stance": "nonarg",
      "rebuttal_action": "rebuttal_social",
      "alignment": [
        "context_global",
        null
      ],
      "details": {}
    },
    {
      "review_id": "HJlAUngO2X",
      "rebuttal_id": "rygt-_dF0X",
      "sentence_index": 1,
      "text": "We believe that this response can help the Reviewer to be more convinced about the validness of our experiments; in particular, the validness of our retraining methodology.",
      "suffix": "\n\n",
      "rebuttal_stance": "nonarg",
      "rebuttal_action": "rebuttal_social",
      "alignment": [
        "context_global",
        null
      ],
      "details": {}
    },
    {
      "review_id": "HJlAUngO2X",
      "rebuttal_id": "rygt-_dF0X",
      "sentence_index": 2,
      "text": "Q1. The paper is not very self-contained, and I have to constantly go back to [1] and [2] in order to read through the paper.",
      "suffix": "\n\n",
      "rebuttal_stance": "nonarg",
      "rebuttal_action": "rebuttal_structuring",
      "alignment": [
        "context_sentences",
        [
          4
        ]
      ],
      "details": {}
    },
    {
      "review_id": "HJlAUngO2X",
      "rebuttal_id": "rygt-_dF0X",
      "sentence_index": 3,
      "text": "In the original manuscript, we had to limit the detailed information of the previous work due to the page limit.",
      "suffix": "",
      "rebuttal_stance": "concur",
      "rebuttal_action": "rebuttal_concede-criticism",
      "alignment": [
        "context_sentences",
        [
          4
        ]
      ],
      "details": {}
    },
    {
      "review_id": "HJlAUngO2X",
      "rebuttal_id": "rygt-_dF0X",
      "sentence_index": 4,
      "text": "Based on the Reviewer\u2019s comments, we added more description about the schemes we adopted from [1] and [2] in Appendix A.1 and A.2 of the revised manuscript.",
      "suffix": "\n\n",
      "rebuttal_stance": "concur",
      "rebuttal_action": "rebuttal_done",
      "alignment": [
        "context_sentences",
        [
          4
        ]
      ],
      "details": {
        "request_out_of_scope": true
      }
    },
    {
      "review_id": "HJlAUngO2X",
      "rebuttal_id": "rygt-_dF0X",
      "sentence_index": 5,
      "text": "Q2. The input and output types of each block in Figure 1. should be clearly stated, and the figures are almost useless because the captions contain very little information.",
      "suffix": "\n\n",
      "rebuttal_stance": "nonarg",
      "rebuttal_action": "rebuttal_structuring",
      "alignment": [
        "context_sentences",
        [
          6,
          9
        ]
      ],
      "details": {}
    },
    {
      "review_id": "HJlAUngO2X",
      "rebuttal_id": "rygt-_dF0X",
      "sentence_index": 6,
      "text": "We tried to add more information to the figures in the revision.",
      "suffix": "",
      "rebuttal_stance": "concur",
      "rebuttal_action": "rebuttal_done",
      "alignment": [
        "context_sentences",
        [
          6,
          9
        ]
      ],
      "details": {
        "request_out_of_scope": true
      }
    },
    {
      "review_id": "HJlAUngO2X",
      "rebuttal_id": "rygt-_dF0X",
      "sentence_index": 7,
      "text": "First, in Figure 1, we added the more mathematically precise description of input and output of each block to show how the exact weight representation is changed at each process.",
      "suffix": "",
      "rebuttal_stance": "nonarg",
      "rebuttal_action": "rebuttal_summary",
      "alignment": [
        "context_sentences",
        [
          6,
          9
        ]
      ],
      "details": {}
    },
    {
      "review_id": "HJlAUngO2X",
      "rebuttal_id": "rygt-_dF0X",
      "sentence_index": 8,
      "text": "We also added additional explanation for 'D' of Figure 2 in its caption.",
      "suffix": "",
      "rebuttal_stance": "concur",
      "rebuttal_action": "rebuttal_done",
      "alignment": [
        "context_sentences",
        [
          6,
          9
        ]
      ],
      "details": {
        "request_out_of_scope": true
      }
    },
    {
      "review_id": "HJlAUngO2X",
      "rebuttal_id": "rygt-_dF0X",
      "sentence_index": 9,
      "text": "For the Figure 4, we added the description of the underlined numbers.",
      "suffix": "\n\n",
      "rebuttal_stance": "concur",
      "rebuttal_action": "rebuttal_done",
      "alignment": [
        "context_sentences",
        [
          6,
          9
        ]
      ],
      "details": {
        "request_out_of_scope": true
      }
    },
    {
      "review_id": "HJlAUngO2X",
      "rebuttal_id": "rygt-_dF0X",
      "sentence_index": 10,
      "text": "Q3.",
      "suffix": "",
      "rebuttal_stance": "nonarg",
      "rebuttal_action": "rebuttal_structuring",
      "alignment": [
        "context_in-rebuttal",
        null
      ],
      "details": {}
    },
    {
      "review_id": "HJlAUngO2X",
      "rebuttal_id": "rygt-_dF0X",
      "sentence_index": 11,
      "text": "Optimizing compression rates should be done on the training set with a separate development set.",
      "suffix": "",
      "rebuttal_stance": "nonarg",
      "rebuttal_action": "rebuttal_structuring",
      "alignment": [
        "context_sentences",
        [
          17
        ]
      ],
      "details": {}
    },
    {
      "review_id": "HJlAUngO2X",
      "rebuttal_id": "rygt-_dF0X",
      "sentence_index": 12,
      "text": "The test set should not used before the best compression scheme is selected.",
      "suffix": "",
      "rebuttal_stance": "nonarg",
      "rebuttal_action": "rebuttal_structuring",
      "alignment": [
        "context_sentences",
        [
          18
        ]
      ],
      "details": {}
    },
    {
      "review_id": "HJlAUngO2X",
      "rebuttal_id": "rygt-_dF0X",
      "sentence_index": 13,
      "text": "Both the results on the development set and on the test set should be reported for the validity of the experiments.",
      "suffix": "\n\n",
      "rebuttal_stance": "nonarg",
      "rebuttal_action": "rebuttal_structuring",
      "alignment": [
        "context_sentences",
        [
          19
        ]
      ],
      "details": {}
    },
    {
      "review_id": "HJlAUngO2X",
      "rebuttal_id": "rygt-_dF0X",
      "sentence_index": 14,
      "text": "Thanks for pointing this out.",
      "suffix": "",
      "rebuttal_stance": "concur",
      "rebuttal_action": "rebuttal_concede-criticism",
      "alignment": [
        "context_sentences",
        [
          17,
          18,
          19
        ]
      ],
      "details": {}
    },
    {
      "review_id": "HJlAUngO2X",
      "rebuttal_id": "rygt-_dF0X",
      "sentence_index": 15,
      "text": "We believe that this is the Reviewer 1's core question so would like to justify our results more in detail in this response and try to convince the Reviewer.",
      "suffix": "",
      "rebuttal_stance": "nonarg",
      "rebuttal_action": "rebuttal_structuring",
      "alignment": [
        "context_sentences",
        [
          17,
          18,
          19
        ]
      ],
      "details": {}
    },
    {
      "review_id": "HJlAUngO2X",
      "rebuttal_id": "rygt-_dF0X",
      "sentence_index": 16,
      "text": "We agree that optimizing compression rates should not use the test set before the best compression scheme is selected.",
      "suffix": "",
      "rebuttal_stance": "concur",
      "rebuttal_action": "rebuttal_concede-criticism",
      "alignment": [
        "context_sentences",
        [
          17,
          18,
          19
        ]
      ],
      "details": {}
    },
    {
      "review_id": "HJlAUngO2X",
      "rebuttal_id": "rygt-_dF0X",
      "sentence_index": 17,
      "text": "In fact, in case of PTB and Wikitext-2 corpus, we already used the provided validation set and measured the test PPW only once after training (Table 2) in the original manuscript.",
      "suffix": "",
      "rebuttal_stance": "nonarg",
      "rebuttal_action": "rebuttal_summary",
      "alignment": [
        "context_sentences",
        [
          17,
          18,
          19
        ]
      ],
      "details": {}
    },
    {
      "review_id": "HJlAUngO2X",
      "rebuttal_id": "rygt-_dF0X",
      "sentence_index": 18,
      "text": "From the Table 2, we can see that our proposed scheme maintains the accuracy of the uncompressed baseline network.",
      "suffix": "",
      "rebuttal_stance": "nonarg",
      "rebuttal_action": "rebuttal_summary",
      "alignment": [
        "context_sentences",
        [
          17,
          18,
          19
        ]
      ],
      "details": {}
    },
    {
      "review_id": "HJlAUngO2X",
      "rebuttal_id": "rygt-_dF0X",
      "sentence_index": 19,
      "text": "On the other hand, the CIFAR-10 dataset does not include a separate validation set, so we had to use the test set in the retraining process.",
      "suffix": "",
      "rebuttal_stance": "nonarg",
      "rebuttal_action": "rebuttal_summary",
      "alignment": [
        "context_sentences",
        [
          17,
          18,
          19
        ]
      ],
      "details": {}
    },
    {
      "review_id": "HJlAUngO2X",
      "rebuttal_id": "rygt-_dF0X",
      "sentence_index": 20,
      "text": "To avoid using the test set in the retraining process as the Reviewer pointed out, we randomly selected 5K validation images among the original 50K training images in CIFAR-10 dataset, and applied our scheme.",
      "suffix": "",
      "rebuttal_stance": "nonarg",
      "rebuttal_action": "rebuttal_summary",
      "alignment": [
        "context_sentences",
        [
          17,
          18,
          19
        ]
      ],
      "details": {}
    },
    {
      "review_id": "HJlAUngO2X",
      "rebuttal_id": "rygt-_dF0X",
      "sentence_index": 21,
      "text": "Then, we observed the training and validation accuracy at each training epoch, and measured the test accuracy once after training.",
      "suffix": "",
      "rebuttal_stance": "nonarg",
      "rebuttal_action": "rebuttal_summary",
      "alignment": [
        "context_sentences",
        [
          17,
          18,
          19
        ]
      ],
      "details": {}
    },
    {
      "review_id": "HJlAUngO2X",
      "rebuttal_id": "rygt-_dF0X",
      "sentence_index": 22,
      "text": "The accuracy results are as shown in the following table.",
      "suffix": "",
      "rebuttal_stance": "nonarg",
      "rebuttal_action": "rebuttal_structuring",
      "alignment": [
        "context_sentences",
        [
          17,
          18,
          19
        ]
      ],
      "details": {}
    },
    {
      "review_id": "HJlAUngO2X",
      "rebuttal_id": "rygt-_dF0X",
      "sentence_index": 23,
      "text": "Note the compression rates are the same as the data in Table 3 in the original manuscript.",
      "suffix": "\n\n",
      "rebuttal_stance": "nonarg",
      "rebuttal_action": "rebuttal_summary",
      "alignment": [
        "context_sentences",
        [
          17,
          18,
          19
        ]
      ],
      "details": {}
    },
    {
      "review_id": "HJlAUngO2X",
      "rebuttal_id": "rygt-_dF0X",
      "sentence_index": 24,
      "text": "----------------------------------------------------------------------------------",
      "suffix": "\n",
      "rebuttal_stance": "nonarg",
      "rebuttal_action": "rebuttal_structuring",
      "alignment": [
        "context_sentences",
        [
          17,
          18,
          19
        ]
      ],
      "details": {}
    },
    {
      "review_id": "HJlAUngO2X",
      "rebuttal_id": "rygt-_dF0X",
      "sentence_index": 25,
      "text": "Compression scheme   Validation Error (%)    Test Error (%)",
      "suffix": "\n",
      "rebuttal_stance": "nonarg",
      "rebuttal_action": "rebuttal_summary",
      "alignment": [
        "context_sentences",
        [
          17,
          18,
          19
        ]
      ],
      "details": {}
    },
    {
      "review_id": "HJlAUngO2X",
      "rebuttal_id": "rygt-_dF0X",
      "sentence_index": 26,
      "text": "------------------------------  ---------------------------",
      "suffix": "",
      "rebuttal_stance": "nonarg",
      "rebuttal_action": "rebuttal_structuring",
      "alignment": [
        "context_sentences",
        [
          17,
          18,
          19
        ]
      ],
      "details": {}
    },
    {
      "review_id": "HJlAUngO2X",
      "rebuttal_id": "rygt-_dF0X",
      "sentence_index": 27,
      "text": "---------------------",
      "suffix": "\n",
      "rebuttal_stance": "nonarg",
      "rebuttal_action": "rebuttal_structuring",
      "alignment": [
        "context_sentences",
        [
          17,
          18,
          19
        ]
      ],
      "details": {}
    },
    {
      "review_id": "HJlAUngO2X",
      "rebuttal_id": "rygt-_dF0X",
      "sentence_index": 28,
      "text": "Baseline",
      "suffix": "",
      "rebuttal_stance": "nonarg",
      "rebuttal_action": "rebuttal_summary",
      "alignment": [
        "context_sentences",
        [
          17,
          18,
          19
        ]
      ],
      "details": {}
    },
    {
      "review_id": "HJlAUngO2X",
      "rebuttal_id": "rygt-_dF0X",
      "sentence_index": 29,
      "text": "11.5                         12.2",
      "suffix": "\n",
      "rebuttal_stance": "nonarg",
      "rebuttal_action": "rebuttal_summary",
      "alignment": [
        "context_sentences",
        [
          17,
          18,
          19
        ]
      ],
      "details": {}
    },
    {
      "review_id": "HJlAUngO2X",
      "rebuttal_id": "rygt-_dF0X",
      "sentence_index": 30,
      "text": "Pruning [1]                         11.4                         12.2",
      "suffix": "\n",
      "rebuttal_stance": "nonarg",
      "rebuttal_action": "rebuttal_summary",
      "alignment": [
        "context_sentences",
        [
          17,
          18,
          19
        ]
      ],
      "details": {}
    },
    {
      "review_id": "HJlAUngO2X",
      "rebuttal_id": "rygt-_dF0X",
      "sentence_index": 31,
      "text": "VWM (Ours)",
      "suffix": "",
      "rebuttal_stance": "nonarg",
      "rebuttal_action": "rebuttal_summary",
      "alignment": [
        "context_sentences",
        [
          17,
          18,
          19
        ]
      ],
      "details": {}
    },
    {
      "review_id": "HJlAUngO2X",
      "rebuttal_id": "rygt-_dF0X",
      "sentence_index": 32,
      "text": "11.4                         12.4",
      "suffix": "\n",
      "rebuttal_stance": "nonarg",
      "rebuttal_action": "rebuttal_summary",
      "alignment": [
        "context_sentences",
        [
          17,
          18,
          19
        ]
      ],
      "details": {}
    },
    {
      "review_id": "HJlAUngO2X",
      "rebuttal_id": "rygt-_dF0X",
      "sentence_index": 33,
      "text": "----------------------------------------------------------------------------------",
      "suffix": "\n\n",
      "rebuttal_stance": "nonarg",
      "rebuttal_action": "rebuttal_structuring",
      "alignment": [
        "context_sentences",
        [
          17,
          18,
          19
        ]
      ],
      "details": {}
    },
    {
      "review_id": "HJlAUngO2X",
      "rebuttal_id": "rygt-_dF0X",
      "sentence_index": 34,
      "text": "The test accuracy in the above table is about 1 % less than the accuracy which we reported in the originally submitted manuscript because the number of training data was decreased as part of the data set is used as a validation set.",
      "suffix": "",
      "rebuttal_stance": "nonarg",
      "rebuttal_action": "rebuttal_summary",
      "alignment": [
        "context_sentences",
        [
          17,
          18,
          19
        ]
      ],
      "details": {}
    },
    {
      "review_id": "HJlAUngO2X",
      "rebuttal_id": "rygt-_dF0X",
      "sentence_index": 35,
      "text": "However, the results show that our proposed method does not make the network be overfitted to test data as the Reviewer doubted because the difference between the accuracy for validation set and test set are consistent with the values from the previous works.",
      "suffix": "",
      "rebuttal_stance": "nonarg",
      "rebuttal_action": "rebuttal_summary",
      "alignment": [
        "context_sentences",
        [
          17,
          18,
          19
        ]
      ],
      "details": {}
    },
    {
      "review_id": "HJlAUngO2X",
      "rebuttal_id": "rygt-_dF0X",
      "sentence_index": 36,
      "text": "Note that even the uncompressed baseline network exhibits similar accuracy difference between the validation error and the test error compared with the compressed networks.",
      "suffix": "",
      "rebuttal_stance": "nonarg",
      "rebuttal_action": "rebuttal_summary",
      "alignment": [
        "context_sentences",
        [
          17,
          18,
          19
        ]
      ],
      "details": {}
    },
    {
      "review_id": "HJlAUngO2X",
      "rebuttal_id": "rygt-_dF0X",
      "sentence_index": 37,
      "text": "Therefore, we believe that our proposed compression method does not suffer from the concerned overfitting problem regardless of the types of neural networks or dataset.",
      "suffix": "\n\n",
      "rebuttal_stance": "nonarg",
      "rebuttal_action": "rebuttal_summary",
      "alignment": [
        "context_sentences",
        [
          17,
          18,
          19
        ]
      ],
      "details": {}
    },
    {
      "review_id": "HJlAUngO2X",
      "rebuttal_id": "rygt-_dF0X",
      "sentence_index": 38,
      "text": "Reference",
      "suffix": "\n",
      "rebuttal_stance": "nonarg",
      "rebuttal_action": "rebuttal_structuring",
      "alignment": [
        "context_in-rebuttal",
        null
      ],
      "details": {}
    },
    {
      "review_id": "HJlAUngO2X",
      "rebuttal_id": "rygt-_dF0X",
      "sentence_index": 39,
      "text": "[1] Dongsoo Lee, Daehyun Ahn, Taesu Kim, Pierce I. Chuang, and Jae-Joon Kim. Viterbi-based pruning for sparse matrix with fixed and high index compression ratio. International Conference on Learning Representations (ICLR), 2018.",
      "suffix": "\n",
      "rebuttal_stance": "nonarg",
      "rebuttal_action": "rebuttal_other",
      "alignment": [
        "context_in-rebuttal",
        null
      ],
      "details": {}
    },
    {
      "review_id": "HJlAUngO2X",
      "rebuttal_id": "rygt-_dF0X",
      "sentence_index": 40,
      "text": "[2] Chen Xu, Jianqiang Yao, Zouchen Lin, Wenwu Qu, Yuanbin Cao, Zhirong Wang, and Hongbin Zha. Alternating multi-bit quantization for recurrent neural networks. International Conference on Learning Representations (ICLR), 2018.",
      "suffix": "",
      "rebuttal_stance": "nonarg",
      "rebuttal_action": "rebuttal_other",
      "alignment": [
        "context_in-rebuttal",
        null
      ],
      "details": {}
    }
  ]
}