{
  "metadata": {
    "forum_id": "SyzrLjA5FQ",
    "review_id": "HyeHzlJ537",
    "rebuttal_id": "HygpTo-FR7",
    "title": "Selective Self-Training for semi-supervised Learning",
    "reviewer": "AnonReviewer3",
    "rating": 4,
    "conference": "ICLR2019",
    "permalink": "https://openreview.net/forum?id=SyzrLjA5FQ&noteId=HygpTo-FR7",
    "annotator": "anno13"
  },
  "review_sentences": [
    {
      "review_id": "HyeHzlJ537",
      "sentence_index": 0,
      "text": "This paper describes the method for performing self-training where the unlabeled datapoints are iteratively added to the training set only if their predictions by the classifier are confident enough.",
      "suffix": "",
      "review_action": "arg_structuring",
      "fine_review_action": "arg-structuring_summary",
      "aspect": "none",
      "polarity": "none"
    },
    {
      "review_id": "HyeHzlJ537",
      "sentence_index": 1,
      "text": "The contributions of this paper are to add datapoints based on the prediction of the confidence level by a separate selection network and a number of heuristics applied for better selection.",
      "suffix": "",
      "review_action": "arg_fact",
      "fine_review_action": "none",
      "aspect": "none",
      "polarity": "none"
    },
    {
      "review_id": "HyeHzlJ537",
      "sentence_index": 2,
      "text": "On the experimental side, the contribution is to test the scenario where datapoints from irrelevant classes are included in the unlabeled dataset.",
      "suffix": "\n",
      "review_action": "arg_fact",
      "fine_review_action": "none",
      "aspect": "none",
      "polarity": "none"
    },
    {
      "review_id": "HyeHzlJ537",
      "sentence_index": 3,
      "text": "The paper is written in a way that makes following it a bit difficult, for example, the experimental setups.",
      "suffix": "",
      "review_action": "arg_evaluative",
      "fine_review_action": "none",
      "aspect": "asp_clarity",
      "polarity": "pol_negative"
    },
    {
      "review_id": "HyeHzlJ537",
      "sentence_index": 4,
      "text": "Also, the writing can be improved by making the writing more concise and formal (examples of informal: \"spoil the network\", \"model is spoiled\", \"problem of increased classes\", \"many recent researches have been conducted\", \"lots of things to consider for training\", \"supervised learning was trained\" etc.).",
      "suffix": "",
      "review_action": "arg_request",
      "fine_review_action": "arg-request_edit",
      "aspect": "asp_clarity",
      "polarity": "pol_negative"
    },
    {
      "review_id": "HyeHzlJ537",
      "sentence_index": 5,
      "text": "The contributions of the method could also be underlined more clearly in the abstract and introduction.",
      "suffix": "",
      "review_action": "arg_request",
      "fine_review_action": "arg-request_edit",
      "aspect": "asp_clarity",
      "polarity": "pol_negative"
    },
    {
      "review_id": "HyeHzlJ537",
      "sentence_index": 6,
      "text": "The description of consistency regularisation methods in section 2.2 is not very clear and I would like to get better understanding of temporal ensembling and SNTG methods here as they play an important role in the experiments.",
      "suffix": "\n",
      "review_action": "arg_evaluative",
      "fine_review_action": "none",
      "aspect": "asp_clarity",
      "polarity": "pol_negative"
    },
    {
      "review_id": "HyeHzlJ537",
      "sentence_index": 7,
      "text": "The idea of selective sampling for self-training is promising and the investigated questions are interesting.",
      "suffix": "",
      "review_action": "arg_evaluative",
      "fine_review_action": "none",
      "aspect": "asp_originality",
      "polarity": "pol_positive"
    },
    {
      "review_id": "HyeHzlJ537",
      "sentence_index": 8,
      "text": "As far as I understand, the main contribution of this paper is the use of separate \"selection network\" to estimate the confidence of predictions by \"classification network\".",
      "suffix": "",
      "review_action": "arg_evaluative",
      "fine_review_action": "none",
      "aspect": "asp_originality",
      "polarity": "none"
    },
    {
      "review_id": "HyeHzlJ537",
      "sentence_index": 9,
      "text": "However, as the \"selection network\" uses exactly the same input as \"classification network\", it is hard to imagine how it can learn additional information.",
      "suffix": "",
      "review_action": "arg_evaluative",
      "fine_review_action": "none",
      "aspect": "asp_originality",
      "polarity": "pol_negative"
    },
    {
      "review_id": "HyeHzlJ537",
      "sentence_index": 10,
      "text": "For example, imagine the case of binary classification.",
      "suffix": "",
      "review_action": "arg_other",
      "fine_review_action": "none",
      "aspect": "none",
      "polarity": "none"
    },
    {
      "review_id": "HyeHzlJ537",
      "sentence_index": 11,
      "text": "If the selection network predicts 0 in come cases, it can be used to improve the result of \"classification network\" by flipping the corresponding label.",
      "suffix": "",
      "review_action": "arg_fact",
      "fine_review_action": "none",
      "aspect": "none",
      "polarity": "none"
    },
    {
      "review_id": "HyeHzlJ537",
      "sentence_index": 12,
      "text": "How can you interpret such a thought experiment?",
      "suffix": "",
      "review_action": "arg_request",
      "fine_review_action": "arg-request_explanation",
      "aspect": "asp_substance",
      "polarity": "none"
    },
    {
      "review_id": "HyeHzlJ537",
      "sentence_index": 13,
      "text": "One could understand the use of \"selection network\" as a way to automatically select a threshold of what to consider confident, however, in this case, the prediction of \"selection network\" should be thresholded at 0.5 (correct prediction or not), but the experiments use complex thresholds.",
      "suffix": "",
      "review_action": "arg_evaluative",
      "fine_review_action": "none",
      "aspect": "asp_substance",
      "polarity": "pol_negative"
    },
    {
      "review_id": "HyeHzlJ537",
      "sentence_index": 14,
      "text": "Could you elaborate more on why the selection network is needed? How would it compare to a simple strategy of only including the datapoints whose top-1 prediction of \"classification network\" is greater than some threshold?",
      "suffix": "",
      "review_action": "arg_request",
      "fine_review_action": "arg-request_explanation",
      "aspect": "asp_substance",
      "polarity": "none"
    },
    {
      "review_id": "HyeHzlJ537",
      "sentence_index": 15,
      "text": "Finally, could you show a plot of top-1 prediction of \"classification network\" vs score of \"selection network\" and elaborate on that?",
      "suffix": "\n",
      "review_action": "arg_request",
      "fine_review_action": "arg-request_experiment",
      "aspect": "asp_substance",
      "polarity": "none"
    },
    {
      "review_id": "HyeHzlJ537",
      "sentence_index": 16,
      "text": "Then, in sections 3.2 and 3.3 the authors introduce a few additional tricks for self-training: exclude datapoints whose predictions are changing and balance the classes.",
      "suffix": "",
      "review_action": "arg_fact",
      "fine_review_action": "none",
      "aspect": "none",
      "polarity": "none"
    },
    {
      "review_id": "HyeHzlJ537",
      "sentence_index": 17,
      "text": "Intuitively, these criteria are well motivated, but unfortunately, the combination of all the intuitions (including \"selection network\" with threshold) is not very principled.",
      "suffix": "",
      "review_action": "arg_evaluative",
      "fine_review_action": "none",
      "aspect": "asp_soundness-correctness",
      "polarity": "pol_negative"
    },
    {
      "review_id": "HyeHzlJ537",
      "sentence_index": 18,
      "text": "Ablation study shows that the use of the \"selection network\" strategy does not improve the results without these heuristics.",
      "suffix": "",
      "review_action": "arg_evaluative",
      "fine_review_action": "none",
      "aspect": "asp_substance",
      "polarity": "pol_negative"
    },
    {
      "review_id": "HyeHzlJ537",
      "sentence_index": 19,
      "text": "It would be interesting to see how these heuristics would do without \"selection network\", for example, either by doing simple self-training with thresholding on the score of the classifier or by applying only these heuristics in combination with TempEns+SNTG.",
      "suffix": "",
      "review_action": "arg_request",
      "fine_review_action": "arg-request_experiment",
      "aspect": "asp_substance",
      "polarity": "none"
    },
    {
      "review_id": "HyeHzlJ537",
      "sentence_index": 20,
      "text": "In the current form of evaluation, it is hard to say if there is any benefit of using the \"selection network\" that is the main novelty of the paper.",
      "suffix": "\n",
      "review_action": "arg_evaluative",
      "fine_review_action": "none",
      "aspect": "asp_originality",
      "polarity": "pol_negative"
    },
    {
      "review_id": "HyeHzlJ537",
      "sentence_index": 21,
      "text": "It is very valuable that the experimental results include many recently proposed methods.",
      "suffix": "",
      "review_action": "arg_evaluative",
      "fine_review_action": "none",
      "aspect": "asp_meaningful-comparison",
      "polarity": "pol_positive"
    },
    {
      "review_id": "HyeHzlJ537",
      "sentence_index": 22,
      "text": "Besides, the settings are described in details that could help for the reproducibility of the results.",
      "suffix": "",
      "review_action": "arg_evaluative",
      "fine_review_action": "none",
      "aspect": "asp_replicability",
      "polarity": "pol_positive"
    },
    {
      "review_id": "HyeHzlJ537",
      "sentence_index": 23,
      "text": "However, I have a few concerns about the results.",
      "suffix": "",
      "review_action": "arg_evaluative",
      "fine_review_action": "none",
      "aspect": "asp_soundness-correctness",
      "polarity": "pol_negative"
    },
    {
      "review_id": "HyeHzlJ537",
      "sentence_index": 24,
      "text": "First of all, the proposed SST algorithm alone only performs better than baselines in 1 case, equal to them in 1 case and worse in 1 (table 3).",
      "suffix": "",
      "review_action": "arg_evaluative",
      "fine_review_action": "none",
      "aspect": "asp_originality",
      "polarity": "pol_negative"
    },
    {
      "review_id": "HyeHzlJ537",
      "sentence_index": 25,
      "text": "Besides, as the base classifier is different for various baselines, it is hard to compare the methods.",
      "suffix": "",
      "review_action": "arg_evaluative",
      "fine_review_action": "none",
      "aspect": "asp_meaningful-comparison",
      "polarity": "pol_negative"
    },
    {
      "review_id": "HyeHzlJ537",
      "sentence_index": 26,
      "text": "Then, the important hyperparameter of the method---threshold---seems to be hard to select (both in sections 4.1 and 4.2).",
      "suffix": "",
      "review_action": "arg_evaluative",
      "fine_review_action": "none",
      "aspect": "asp_clarity",
      "polarity": "pol_negative"
    },
    {
      "review_id": "HyeHzlJ537",
      "sentence_index": 27,
      "text": "How did you chose the current values? How sensitive is it? Why various datasets need different settings? How the threshold value can be set in practice?",
      "suffix": "",
      "review_action": "arg_request",
      "fine_review_action": "arg-request_explanation",
      "aspect": "asp_substance",
      "polarity": "none"
    },
    {
      "review_id": "HyeHzlJ537",
      "sentence_index": 28,
      "text": "Another important parameters is the number of iterations of the algorithm.",
      "suffix": "",
      "review_action": "arg_request",
      "fine_review_action": "arg-request_clarification",
      "aspect": "asp_substance",
      "polarity": "none"
    },
    {
      "review_id": "HyeHzlJ537",
      "sentence_index": 29,
      "text": "How was it chosen?",
      "suffix": "",
      "review_action": "arg_request",
      "fine_review_action": "arg-request_clarification",
      "aspect": "asp_substance",
      "polarity": "none"
    },
    {
      "review_id": "HyeHzlJ537",
      "sentence_index": 30,
      "text": "Concerning the experiments of section 4.2, how would the baseline methods of section 4.1 do in this case? Why did you select to study animal vs non-animals sets of classes?",
      "suffix": "",
      "review_action": "arg_request",
      "fine_review_action": "arg-request_explanation",
      "aspect": "asp_substance",
      "polarity": "none"
    },
    {
      "review_id": "HyeHzlJ537",
      "sentence_index": 31,
      "text": "What would happen if you use random class splits or split animal classes (like in a more realistic scenario)?",
      "suffix": "\n",
      "review_action": "arg_request",
      "fine_review_action": "arg-request_explanation",
      "aspect": "asp_substance",
      "polarity": "none"
    },
    {
      "review_id": "HyeHzlJ537",
      "sentence_index": 32,
      "text": "To conclude, while I find the studied problem quite interesting and intuitions behind the method very reasonable, the current methodology is not very principled and the experiment evaluation did not convince me that such an elaborate strategy is needed.",
      "suffix": "\n\n",
      "review_action": "arg_structuring",
      "fine_review_action": "arg-structuring_summary",
      "aspect": "none",
      "polarity": "none"
    },
    {
      "review_id": "HyeHzlJ537",
      "sentence_index": 33,
      "text": "Some questions and comments:",
      "suffix": "\n",
      "review_action": "arg_structuring",
      "fine_review_action": "arg-structuring_heading",
      "aspect": "none",
      "polarity": "none"
    },
    {
      "review_id": "HyeHzlJ537",
      "sentence_index": 34,
      "text": "- The setting of including unrelated classes in the unlabeled data resembles transfer learning setting. Could you explain why the ideas from transfer learning are not applicable in your case?",
      "suffix": "\n",
      "review_action": "arg_request",
      "fine_review_action": "arg-request_explanation",
      "aspect": "asp_substance",
      "polarity": "none"
    },
    {
      "review_id": "HyeHzlJ537",
      "sentence_index": 35,
      "text": "- In the training procedure of \"selection network\" of Sections 3.1, do you use the same datapoints to train a \"classification network\" and \"selection network\"? If it is the case, how do you insure that the \"classification network\" does not learn to fit the data perfectly and thus all labels s_i are 1?",
      "suffix": "\n",
      "review_action": "arg_request",
      "fine_review_action": "arg-request_explanation",
      "aspect": "asp_substance",
      "polarity": "none"
    },
    {
      "review_id": "HyeHzlJ537",
      "sentence_index": 36,
      "text": "- In the last sentences of the first paragraph on p.2 you make a contrast between using softmax and sigmoid functions, however, normally the difference between them is their use in binary or multiclass classification. Is there anything special that you want to show in you case?",
      "suffix": "\n",
      "review_action": "arg_request",
      "fine_review_action": "arg-request_explanation",
      "aspect": "asp_substance",
      "polarity": "none"
    },
    {
      "review_id": "HyeHzlJ537",
      "sentence_index": 37,
      "text": "- What do you mean in section 3.3 by \"if one class dominates the dataset, the model tends to overfit\"?",
      "suffix": "\n",
      "review_action": "arg_request",
      "fine_review_action": "arg-request_explanation",
      "aspect": "asp_substance",
      "polarity": "none"
    },
    {
      "review_id": "HyeHzlJ537",
      "sentence_index": 38,
      "text": "- I think parameters of training the networks from the beginning of section 4 could be moved to the supplementary materials.",
      "suffix": "\n",
      "review_action": "arg_request",
      "fine_review_action": "arg-request_edit",
      "aspect": "arg_other",
      "polarity": "none"
    },
    {
      "review_id": "HyeHzlJ537",
      "sentence_index": 39,
      "text": "- Figure 3: wouldn't the plot of accuracy vs amount of data be more suitable here?",
      "suffix": "\n",
      "review_action": "arg_request",
      "fine_review_action": "arg-request_explanation",
      "aspect": "asp_clarity",
      "polarity": "none"
    },
    {
      "review_id": "HyeHzlJ537",
      "sentence_index": 40,
      "text": "- Synthetic experiments of supplementary materials: the gains of the methods seem to be small. What are the numerical results? What would happen if you allow to select starting point at random (a more realistic case)?",
      "suffix": "\n",
      "review_action": "arg_request",
      "fine_review_action": "arg-request_result",
      "aspect": "asp_substance",
      "polarity": "none"
    },
    {
      "review_id": "HyeHzlJ537",
      "sentence_index": 41,
      "text": "- Can you explain the sentence \"To prevent data being added suddenly, no data was added until 5 iterations\"?",
      "suffix": "\n",
      "review_action": "arg_request",
      "fine_review_action": "arg-request_explanation",
      "aspect": "asp_substance",
      "polarity": "none"
    },
    {
      "review_id": "HyeHzlJ537",
      "sentence_index": 42,
      "text": "- How was it possible to improve the performance in experiment of section 4.2 with 100% of irrelevant classes?",
      "suffix": "",
      "review_action": "arg_request",
      "fine_review_action": "arg-request_explanation",
      "aspect": "asp_substance",
      "polarity": "none"
    }
  ],
  "rebuttal_sentences": [
    {
      "review_id": "HyeHzlJ537",
      "rebuttal_id": "HygpTo-FR7",
      "sentence_index": 0,
      "text": "First of all, thank you for taking your time to review our paper and providing feedback. We have judiciously taken the comments of the reviewers,  and apologize for the late response due to additional experiments and modifications of the paper.",
      "suffix": "\n\n\n",
      "rebuttal_stance": "nonarg",
      "rebuttal_action": "rebuttal_social",
      "alignment": [
        "context_global",
        null
      ],
      "details": {}
    },
    {
      "review_id": "HyeHzlJ537",
      "rebuttal_id": "HygpTo-FR7",
      "sentence_index": 1,
      "text": "Remark 1. Expression and detail",
      "suffix": "\n\n",
      "rebuttal_stance": "nonarg",
      "rebuttal_action": "rebuttal_structuring",
      "alignment": [
        "context_sentences",
        [
          3
        ]
      ],
      "details": {}
    },
    {
      "review_id": "HyeHzlJ537",
      "rebuttal_id": "HygpTo-FR7",
      "sentence_index": 2,
      "text": "A : We apologize to the reviewer for the lack of clarity in the manuscript. We have modified our expression.",
      "suffix": "\n\n\n",
      "rebuttal_stance": "concur",
      "rebuttal_action": "rebuttal_concede-criticism",
      "alignment": [
        "context_sentences",
        [
          3
        ]
      ],
      "details": {}
    },
    {
      "review_id": "HyeHzlJ537",
      "rebuttal_id": "HygpTo-FR7",
      "sentence_index": 3,
      "text": "Remark 2.",
      "suffix": "",
      "rebuttal_stance": "nonarg",
      "rebuttal_action": "rebuttal_structuring",
      "alignment": [
        "context_in-rebuttal",
        null
      ],
      "details": {}
    },
    {
      "review_id": "HyeHzlJ537",
      "rebuttal_id": "HygpTo-FR7",
      "sentence_index": 4,
      "text": "What is \"Selection Network\"?",
      "suffix": "\n\n",
      "rebuttal_stance": "nonarg",
      "rebuttal_action": "rebuttal_structuring",
      "alignment": [
        "context_sentences",
        [
          8,
          9
        ]
      ],
      "details": {}
    },
    {
      "review_id": "HyeHzlJ537",
      "rebuttal_id": "HygpTo-FR7",
      "sentence_index": 5,
      "text": "A : It is a module that estimates the confidence of the softmax output according to the inputs of the classification network.",
      "suffix": "",
      "rebuttal_stance": "concur",
      "rebuttal_action": "rebuttal_answer",
      "alignment": [
        "context_sentences",
        [
          8,
          9
        ]
      ],
      "details": {}
    },
    {
      "review_id": "HyeHzlJ537",
      "rebuttal_id": "HygpTo-FR7",
      "sentence_index": 6,
      "text": "The selection network is trained with sigmoid and binary cross-entropy in a supervised manner.",
      "suffix": "",
      "rebuttal_stance": "concur",
      "rebuttal_action": "rebuttal_answer",
      "alignment": [
        "context_sentences",
        [
          8,
          9
        ]
      ],
      "details": {}
    },
    {
      "review_id": "HyeHzlJ537",
      "rebuttal_id": "HygpTo-FR7",
      "sentence_index": 7,
      "text": "And the threshold is not 0.5 but high because selection network is learned with many \u20191\u2019 labels with close to 100 % training accuracy.",
      "suffix": "\n",
      "rebuttal_stance": "concur",
      "rebuttal_action": "rebuttal_answer",
      "alignment": [
        "context_sentences",
        [
          8,
          9
        ]
      ],
      "details": {}
    },
    {
      "review_id": "HyeHzlJ537",
      "rebuttal_id": "HygpTo-FR7",
      "sentence_index": 8,
      "text": "The selection network has advantages in out of class unlabeled data.",
      "suffix": "",
      "rebuttal_stance": "concur",
      "rebuttal_action": "rebuttal_answer",
      "alignment": [
        "context_sentences",
        [
          8,
          9
        ]
      ],
      "details": {}
    },
    {
      "review_id": "HyeHzlJ537",
      "rebuttal_id": "HygpTo-FR7",
      "sentence_index": 9,
      "text": "Since softmax output is a relative value, the softmax output can be high for some out of class unlabeled data.",
      "suffix": "",
      "rebuttal_stance": "concur",
      "rebuttal_action": "rebuttal_answer",
      "alignment": [
        "context_sentences",
        [
          8,
          9
        ]
      ],
      "details": {}
    },
    {
      "review_id": "HyeHzlJ537",
      "rebuttal_id": "HygpTo-FR7",
      "sentence_index": 10,
      "text": "In our original paper (in table 10), there already exist results of softmax output for in or out of class unlabeled data with 0.9999 thresholds.",
      "suffix": "",
      "rebuttal_stance": "concur",
      "rebuttal_action": "rebuttal_answer",
      "alignment": [
        "context_sentences",
        [
          8,
          9
        ]
      ],
      "details": {}
    },
    {
      "review_id": "HyeHzlJ537",
      "rebuttal_id": "HygpTo-FR7",
      "sentence_index": 11,
      "text": "Further, we experimented with the same threshold in table 4 of the new version and the results have shown that out of class unlabeled data are added even with an extremely small threshold such as 0.99999 (epsilon = 10^-5).",
      "suffix": "\n\n\n",
      "rebuttal_stance": "concur",
      "rebuttal_action": "rebuttal_answer",
      "alignment": [
        "context_sentences",
        [
          8,
          9,
          11,
          12,
          13,
          14,
          15
        ]
      ],
      "details": {}
    },
    {
      "review_id": "HyeHzlJ537",
      "rebuttal_id": "HygpTo-FR7",
      "sentence_index": 12,
      "text": "Remark 3. \"As the base classifier is different for various baselines, it is hard to compare the methods.\"",
      "suffix": "\n\n",
      "rebuttal_stance": "nonarg",
      "rebuttal_action": "rebuttal_structuring",
      "alignment": [
        "context_sentences",
        [
          25,
          26
        ]
      ],
      "details": {}
    },
    {
      "review_id": "HyeHzlJ537",
      "rebuttal_id": "HygpTo-FR7",
      "sentence_index": 13,
      "text": "A : SST has a network structure similar to other papers.",
      "suffix": "",
      "rebuttal_stance": "concur",
      "rebuttal_action": "rebuttal_answer",
      "alignment": [
        "context_sentences",
        [
          25,
          26
        ]
      ],
      "details": {}
    },
    {
      "review_id": "HyeHzlJ537",
      "rebuttal_id": "HygpTo-FR7",
      "sentence_index": 14,
      "text": "The difference of structure was that the selection network is added and Gaussian noise and the mean only batch norm are not used.",
      "suffix": "",
      "rebuttal_stance": "concur",
      "rebuttal_action": "rebuttal_answer",
      "alignment": [
        "context_sentences",
        [
          25,
          26
        ]
      ],
      "details": {}
    },
    {
      "review_id": "HyeHzlJ537",
      "rebuttal_id": "HygpTo-FR7",
      "sentence_index": 15,
      "text": "As mentioned in the paper (4. Experiments), our supervised learning performs slightly better than conventional SSL algorithms because of different settings such as learning rate and Gaussian noise on the input layer.",
      "suffix": "",
      "rebuttal_stance": "concur",
      "rebuttal_action": "rebuttal_answer",
      "alignment": [
        "context_sentences",
        [
          25,
          26,
          27,
          28,
          29,
          30,
          31
        ]
      ],
      "details": {}
    },
    {
      "review_id": "HyeHzlJ537",
      "rebuttal_id": "HygpTo-FR7",
      "sentence_index": 16,
      "text": "(When SST uses Gaussian noise, ours are also degraded.)",
      "suffix": "\n\n\n",
      "rebuttal_stance": "concur",
      "rebuttal_action": "rebuttal_answer",
      "alignment": [
        "context_sentences",
        [
          25,
          26,
          27,
          28,
          29,
          30,
          31
        ]
      ],
      "details": {}
    },
    {
      "review_id": "HyeHzlJ537",
      "rebuttal_id": "HygpTo-FR7",
      "sentence_index": 17,
      "text": "Remark 4.",
      "suffix": "",
      "rebuttal_stance": "nonarg",
      "rebuttal_action": "rebuttal_structuring",
      "alignment": [
        "context_in-rebuttal",
        null
      ],
      "details": {}
    },
    {
      "review_id": "HyeHzlJ537",
      "rebuttal_id": "HygpTo-FR7",
      "sentence_index": 18,
      "text": "Experiments Detail ( data setting, threshold, number of iterations, animal vs nonanimal)",
      "suffix": "\n\n",
      "rebuttal_stance": "concur",
      "rebuttal_action": "rebuttal_answer",
      "alignment": [
        "context_sentences",
        [
          26,
          27,
          28,
          29,
          30,
          31
        ]
      ],
      "details": {}
    },
    {
      "review_id": "HyeHzlJ537",
      "rebuttal_id": "HygpTo-FR7",
      "sentence_index": 19,
      "text": "A :",
      "suffix": "\n",
      "rebuttal_stance": "concur",
      "rebuttal_action": "rebuttal_answer",
      "alignment": [
        "context_sentences",
        [
          26,
          27,
          28,
          29,
          30,
          31
        ]
      ],
      "details": {}
    },
    {
      "review_id": "HyeHzlJ537",
      "rebuttal_id": "HygpTo-FR7",
      "sentence_index": 20,
      "text": "==> Data setting",
      "suffix": "\n",
      "rebuttal_stance": "concur",
      "rebuttal_action": "rebuttal_answer",
      "alignment": [
        "context_sentences",
        [
          26,
          27,
          28,
          29,
          30,
          31
        ]
      ],
      "details": {}
    },
    {
      "review_id": "HyeHzlJ537",
      "rebuttal_id": "HygpTo-FR7",
      "sentence_index": 21,
      "text": "The purpose of experiments is to show that the SST algorithm is comparable to the conventional SSL algorithms.",
      "suffix": "",
      "rebuttal_stance": "concur",
      "rebuttal_action": "rebuttal_answer",
      "alignment": [
        "context_sentences",
        [
          26,
          27,
          28,
          29,
          30,
          31
        ]
      ],
      "details": {}
    },
    {
      "review_id": "HyeHzlJ537",
      "rebuttal_id": "HygpTo-FR7",
      "sentence_index": 22,
      "text": "Therefore, we experimented with the popular setting.",
      "suffix": "",
      "rebuttal_stance": "concur",
      "rebuttal_action": "rebuttal_answer",
      "alignment": [
        "context_sentences",
        [
          26,
          27,
          28,
          29,
          30,
          31
        ]
      ],
      "details": {}
    },
    {
      "review_id": "HyeHzlJ537",
      "rebuttal_id": "HygpTo-FR7",
      "sentence_index": 23,
      "text": "We have added a detailed description on the data setting to Section 6.3 of the supplementary material.",
      "suffix": "\n\n\n",
      "rebuttal_stance": "concur",
      "rebuttal_action": "rebuttal_done",
      "alignment": [
        "context_sentences",
        [
          26,
          27,
          28,
          29,
          30,
          31
        ]
      ],
      "details": {
        "request_out_of_scope": true
      }
    },
    {
      "review_id": "HyeHzlJ537",
      "rebuttal_id": "HygpTo-FR7",
      "sentence_index": 24,
      "text": "==> Iterations & Threshold",
      "suffix": "\n",
      "rebuttal_stance": "nonarg",
      "rebuttal_action": "rebuttal_structuring",
      "alignment": [
        "context_sentences",
        [
          26,
          27,
          28,
          29,
          30,
          31
        ]
      ],
      "details": {}
    },
    {
      "review_id": "HyeHzlJ537",
      "rebuttal_id": "HygpTo-FR7",
      "sentence_index": 25,
      "text": "We have missed out on a detailed description of how to set up some hyper-parameters.",
      "suffix": "",
      "rebuttal_stance": "concur",
      "rebuttal_action": "rebuttal_concede-criticism",
      "alignment": [
        "context_sentences",
        [
          26,
          27,
          28,
          29,
          30,
          31
        ]
      ],
      "details": {}
    },
    {
      "review_id": "HyeHzlJ537",
      "rebuttal_id": "HygpTo-FR7",
      "sentence_index": 26,
      "text": "We set parameters as follows.",
      "suffix": "",
      "rebuttal_stance": "concur",
      "rebuttal_action": "rebuttal_answer",
      "alignment": [
        "context_sentences",
        [
          26,
          27,
          28,
          29,
          30,
          31
        ]
      ],
      "details": {}
    },
    {
      "review_id": "HyeHzlJ537",
      "rebuttal_id": "HygpTo-FR7",
      "sentence_index": 27,
      "text": "The number of training iteration and thresholding epsilon are very important parameters in our algorithm and have a considerable correlation with each other.",
      "suffix": "\n\n",
      "rebuttal_stance": "concur",
      "rebuttal_action": "rebuttal_answer",
      "alignment": [
        "context_sentences",
        [
          26,
          27,
          28,
          29,
          30,
          31
        ]
      ],
      "details": {}
    },
    {
      "review_id": "HyeHzlJ537",
      "rebuttal_id": "HygpTo-FR7",
      "sentence_index": 28,
      "text": "In the first experiment, the iteration number remains fixed and the growth rate of epsilon is adjusted so that the validation accuracy saturates near the settled iteration number.",
      "suffix": "",
      "rebuttal_stance": "concur",
      "rebuttal_action": "rebuttal_answer",
      "alignment": [
        "context_sentences",
        [
          26,
          27,
          28,
          29,
          30,
          31
        ]
      ],
      "details": {}
    },
    {
      "review_id": "HyeHzlJ537",
      "rebuttal_id": "HygpTo-FR7",
      "sentence_index": 29,
      "text": "While the validation accuracy is evaluated using the cross-validation, we set the number of training iteration to be 100 so that the model is trained enough until it saturates.",
      "suffix": "",
      "rebuttal_stance": "concur",
      "rebuttal_action": "rebuttal_answer",
      "alignment": [
        "context_sentences",
        [
          26,
          27,
          28,
          29,
          30,
          31
        ]
      ],
      "details": {}
    },
    {
      "review_id": "HyeHzlJ537",
      "rebuttal_id": "HygpTo-FR7",
      "sentence_index": 30,
      "text": "Epsilon is increased in log-scale and begins at a very small value (10^(\u22125)) where no data is added.",
      "suffix": "",
      "rebuttal_stance": "concur",
      "rebuttal_action": "rebuttal_answer",
      "alignment": [
        "context_sentences",
        [
          26,
          27,
          28,
          29,
          30,
          31
        ]
      ],
      "details": {}
    },
    {
      "review_id": "HyeHzlJ537",
      "rebuttal_id": "HygpTo-FR7",
      "sentence_index": 31,
      "text": "The growth rate of epsilon is determined according to when the validation accuracy saturates.",
      "suffix": "",
      "rebuttal_stance": "concur",
      "rebuttal_action": "rebuttal_answer",
      "alignment": [
        "context_sentences",
        [
          26,
          27,
          28,
          29,
          30,
          31
        ]
      ],
      "details": {}
    },
    {
      "review_id": "HyeHzlJ537",
      "rebuttal_id": "HygpTo-FR7",
      "sentence_index": 32,
      "text": "The stopping criterion is that the accuracy of the current iteration reaches the average accuracy of the previous 20 steps.",
      "suffix": "",
      "rebuttal_stance": "concur",
      "rebuttal_action": "rebuttal_answer",
      "alignment": [
        "context_sentences",
        [
          26,
          27,
          28,
          29,
          30,
          31
        ]
      ],
      "details": {}
    },
    {
      "review_id": "HyeHzlJ537",
      "rebuttal_id": "HygpTo-FR7",
      "sentence_index": 33,
      "text": "If the stopping iteration is much less than 100 times, the epsilon growth rate should be reduced so that the data is added more slowly.",
      "suffix": "",
      "rebuttal_stance": "concur",
      "rebuttal_action": "rebuttal_answer",
      "alignment": [
        "context_sentences",
        [
          26,
          27,
          28,
          29,
          30,
          31
        ]
      ],
      "details": {}
    },
    {
      "review_id": "HyeHzlJ537",
      "rebuttal_id": "HygpTo-FR7",
      "sentence_index": 34,
      "text": "If the stopping iteration significantly exceeds 100 iterations, the epsilon growth rate should be increased so that the data is added more easily.",
      "suffix": "",
      "rebuttal_stance": "concur",
      "rebuttal_action": "rebuttal_answer",
      "alignment": [
        "context_sentences",
        [
          26,
          27,
          28,
          29,
          30,
          31
        ]
      ],
      "details": {}
    },
    {
      "review_id": "HyeHzlJ537",
      "rebuttal_id": "HygpTo-FR7",
      "sentence_index": 35,
      "text": "We allow 5 iterations as a deviation from 100 iterations and the growth rate of epsilon is left unchanged in this interval.",
      "suffix": "",
      "rebuttal_stance": "concur",
      "rebuttal_action": "rebuttal_answer",
      "alignment": [
        "context_sentences",
        [
          26,
          27,
          28,
          29,
          30,
          31
        ]
      ],
      "details": {}
    },
    {
      "review_id": "HyeHzlJ537",
      "rebuttal_id": "HygpTo-FR7",
      "sentence_index": 36,
      "text": "(In previous versions, the growth ratio of epsilon for CIFAR-10 was applied to SVHN and CIFAR-100.",
      "suffix": "",
      "rebuttal_stance": "concur",
      "rebuttal_action": "rebuttal_answer",
      "alignment": [
        "context_sentences",
        [
          26,
          27,
          28,
          29,
          30,
          31
        ]
      ],
      "details": {}
    },
    {
      "review_id": "HyeHzlJ537",
      "rebuttal_id": "HygpTo-FR7",
      "sentence_index": 37,
      "text": "However, since the epsilon growth rate is different for each dataset, as the reviewer mentioned, we have performed the cross-validation for SVHN and CIFAR-100 and modified our results.) As a result, the epsilon is gradually increased in log-scale by 10 times every 33 iterations in CIFAR-10 and SVHN.",
      "suffix": "",
      "rebuttal_stance": "concur",
      "rebuttal_action": "rebuttal_answer",
      "alignment": [
        "context_sentences",
        [
          26,
          27,
          28,
          29,
          30,
          31
        ]
      ],
      "details": {}
    },
    {
      "review_id": "HyeHzlJ537",
      "rebuttal_id": "HygpTo-FR7",
      "sentence_index": 38,
      "text": "In the case of CIFAR-100, the epsilon is increased by 10 times in log-scale every 27 iterations.",
      "suffix": "",
      "rebuttal_stance": "concur",
      "rebuttal_action": "rebuttal_answer",
      "alignment": [
        "context_sentences",
        [
          26,
          27,
          28,
          29,
          30,
          31
        ]
      ],
      "details": {}
    },
    {
      "review_id": "HyeHzlJ537",
      "rebuttal_id": "HygpTo-FR7",
      "sentence_index": 39,
      "text": "In the second experiment, we leave the epsilon fixed and simply train the model until the stopping criterion is satisfied.",
      "suffix": "",
      "rebuttal_stance": "concur",
      "rebuttal_action": "rebuttal_answer",
      "alignment": [
        "context_sentences",
        [
          26,
          27,
          28,
          29,
          30,
          31
        ]
      ],
      "details": {}
    },
    {
      "review_id": "HyeHzlJ537",
      "rebuttal_id": "HygpTo-FR7",
      "sentence_index": 40,
      "text": "Other details are the same as those of the first experiment.",
      "suffix": "",
      "rebuttal_stance": "concur",
      "rebuttal_action": "rebuttal_answer",
      "alignment": [
        "context_sentences",
        [
          26,
          27,
          28,
          29,
          30,
          31
        ]
      ],
      "details": {}
    },
    {
      "review_id": "HyeHzlJ537",
      "rebuttal_id": "HygpTo-FR7",
      "sentence_index": 41,
      "text": "(In previous versions, the training iterations of fixed mode had been fixed.",
      "suffix": "",
      "rebuttal_stance": "concur",
      "rebuttal_action": "rebuttal_answer",
      "alignment": [
        "context_sentences",
        [
          26,
          27,
          28,
          29,
          30,
          31
        ]
      ],
      "details": {}
    },
    {
      "review_id": "HyeHzlJ537",
      "rebuttal_id": "HygpTo-FR7",
      "sentence_index": 42,
      "text": "Thanks to the comment from the reviewer, we were able to rearrange the content and set training iteration by cross-validation.)",
      "suffix": "\n\n\n",
      "rebuttal_stance": "concur",
      "rebuttal_action": "rebuttal_answer",
      "alignment": [
        "context_sentences",
        [
          26,
          27,
          28,
          29,
          30,
          31
        ]
      ],
      "details": {}
    },
    {
      "review_id": "HyeHzlJ537",
      "rebuttal_id": "HygpTo-FR7",
      "sentence_index": 43,
      "text": "=",
      "suffix": "",
      "rebuttal_stance": "concur",
      "rebuttal_action": "rebuttal_answer",
      "alignment": [
        "context_sentences",
        [
          26,
          27,
          28,
          29,
          30,
          31
        ]
      ],
      "details": {}
    },
    {
      "review_id": "HyeHzlJ537",
      "rebuttal_id": "HygpTo-FR7",
      "sentence_index": 44,
      "text": "=> Animal vs non-animal",
      "suffix": "\n",
      "rebuttal_stance": "concur",
      "rebuttal_action": "rebuttal_answer",
      "alignment": [
        "context_sentences",
        [
          26,
          27,
          28,
          29,
          30,
          31
        ]
      ],
      "details": {}
    },
    {
      "review_id": "HyeHzlJ537",
      "rebuttal_id": "HygpTo-FR7",
      "sentence_index": 45,
      "text": "The citation of that part is obscure and has been modified.",
      "suffix": "",
      "rebuttal_stance": "concur",
      "rebuttal_action": "rebuttal_done",
      "alignment": [
        "context_sentences",
        [
          26,
          27,
          28,
          29,
          30,
          31
        ]
      ],
      "details": {
        "request_out_of_scope": true
      }
    },
    {
      "review_id": "HyeHzlJ537",
      "rebuttal_id": "HygpTo-FR7",
      "sentence_index": 46,
      "text": "We experimented similar to the [1] and they categorized according to the animal.",
      "suffix": "",
      "rebuttal_stance": "concur",
      "rebuttal_action": "rebuttal_answer",
      "alignment": [
        "context_sentences",
        [
          26,
          27,
          28,
          29,
          30,
          31
        ]
      ],
      "details": {}
    },
    {
      "review_id": "HyeHzlJ537",
      "rebuttal_id": "HygpTo-FR7",
      "sentence_index": 47,
      "text": "Our approach is similar but not identical.",
      "suffix": "",
      "rebuttal_stance": "concur",
      "rebuttal_action": "rebuttal_answer",
      "alignment": [
        "context_sentences",
        [
          26,
          27,
          28,
          29,
          30,
          31
        ]
      ],
      "details": {}
    },
    {
      "review_id": "HyeHzlJ537",
      "rebuttal_id": "HygpTo-FR7",
      "sentence_index": 48,
      "text": "Their unlabeled data came from only in 4 classes, however, we selected unlabeled data in all classes.",
      "suffix": "\n",
      "rebuttal_stance": "concur",
      "rebuttal_action": "rebuttal_answer",
      "alignment": [
        "context_sentences",
        [
          26,
          27,
          28,
          29,
          30,
          31
        ]
      ],
      "details": {}
    },
    {
      "review_id": "HyeHzlJ537",
      "rebuttal_id": "HygpTo-FR7",
      "sentence_index": 49,
      "text": "[1] Odena, Augustus, et al. \"Realistic Evaluation of Semi-Supervised Learning Algorithms.\" (2018)",
      "suffix": "\n\n\n",
      "rebuttal_stance": "nonarg",
      "rebuttal_action": "rebuttal_structuring",
      "alignment": [
        "context_sentences",
        [
          26,
          27,
          28,
          29,
          30,
          31
        ]
      ],
      "details": {}
    },
    {
      "review_id": "HyeHzlJ537",
      "rebuttal_id": "HygpTo-FR7",
      "sentence_index": 50,
      "text": "Some Questions and comments",
      "suffix": "\n\n",
      "rebuttal_stance": "nonarg",
      "rebuttal_action": "rebuttal_structuring",
      "alignment": [
        "context_sentences",
        [
          33
        ]
      ],
      "details": {}
    },
    {
      "review_id": "HyeHzlJ537",
      "rebuttal_id": "HygpTo-FR7",
      "sentence_index": 51,
      "text": "Remark 5. \"The setting of including unrelated classes in the unlabeled data resembles transfer learning setting. Could you explain why the ideas from transfer learning are not applicable in your case?\"",
      "suffix": "\n\n",
      "rebuttal_stance": "nonarg",
      "rebuttal_action": "rebuttal_structuring",
      "alignment": [
        "context_sentences",
        [
          34
        ]
      ],
      "details": {}
    },
    {
      "review_id": "HyeHzlJ537",
      "rebuttal_id": "HygpTo-FR7",
      "sentence_index": 52,
      "text": "A : To the best of our knowledge, the main purpose of transfer learning is to improve the performance on the target domain by effectively utilizing the knowledge of the source domain.",
      "suffix": "",
      "rebuttal_stance": "concur",
      "rebuttal_action": "rebuttal_answer",
      "alignment": [
        "context_sentences",
        [
          34
        ]
      ],
      "details": {}
    },
    {
      "review_id": "HyeHzlJ537",
      "rebuttal_id": "HygpTo-FR7",
      "sentence_index": 53,
      "text": "However, in our case, there is no separated source and target domains.",
      "suffix": "",
      "rebuttal_stance": "concur",
      "rebuttal_action": "rebuttal_answer",
      "alignment": [
        "context_sentences",
        [
          34
        ]
      ],
      "details": {}
    },
    {
      "review_id": "HyeHzlJ537",
      "rebuttal_id": "HygpTo-FR7",
      "sentence_index": 54,
      "text": "We focus on the single classification task.",
      "suffix": "",
      "rebuttal_stance": "concur",
      "rebuttal_action": "rebuttal_answer",
      "alignment": [
        "context_sentences",
        [
          34
        ]
      ],
      "details": {}
    },
    {
      "review_id": "HyeHzlJ537",
      "rebuttal_id": "HygpTo-FR7",
      "sentence_index": 55,
      "text": "We think that the goal of our method and that of transfer learning are quite different.",
      "suffix": "\n\n\n",
      "rebuttal_stance": "concur",
      "rebuttal_action": "rebuttal_answer",
      "alignment": [
        "context_sentences",
        [
          34
        ]
      ],
      "details": {}
    },
    {
      "review_id": "HyeHzlJ537",
      "rebuttal_id": "HygpTo-FR7",
      "sentence_index": 56,
      "text": "Remark 6. \"What do you mean in section 3.3 by \"if one class dominates the dataset, the model tends to overfit\"?\"",
      "suffix": "\n\n",
      "rebuttal_stance": "nonarg",
      "rebuttal_action": "rebuttal_structuring",
      "alignment": [
        "context_sentences",
        [
          37
        ]
      ],
      "details": {}
    },
    {
      "review_id": "HyeHzlJ537",
      "rebuttal_id": "HygpTo-FR7",
      "sentence_index": 57,
      "text": "A \" We have modified that expression and we wanted to address that \"if one class dominates the dataset, the performances are degraded by the imbalanced distribution.",
      "suffix": "",
      "rebuttal_stance": "concur",
      "rebuttal_action": "rebuttal_answer",
      "alignment": [
        "context_sentences",
        [
          37
        ]
      ],
      "details": {}
    },
    {
      "review_id": "HyeHzlJ537",
      "rebuttal_id": "HygpTo-FR7",
      "sentence_index": 58,
      "text": "(Analysing the classification of imbalanced data-sets with multiple classes: Binarization techniques and ad-hoc approaches, 2013)\"",
      "suffix": "\n\n\n",
      "rebuttal_stance": "concur",
      "rebuttal_action": "rebuttal_answer",
      "alignment": [
        "context_sentences",
        [
          37
        ]
      ],
      "details": {}
    },
    {
      "review_id": "HyeHzlJ537",
      "rebuttal_id": "HygpTo-FR7",
      "sentence_index": 59,
      "text": "Remark 7. \"Figure 3: wouldn\u2019t the plot of accuracy vs amount of data be more suitable here?\"",
      "suffix": "\n\n",
      "rebuttal_stance": "nonarg",
      "rebuttal_action": "rebuttal_structuring",
      "alignment": [
        "context_sentences",
        [
          39
        ]
      ],
      "details": {}
    },
    {
      "review_id": "HyeHzlJ537",
      "rebuttal_id": "HygpTo-FR7",
      "sentence_index": 60,
      "text": "A : I agree that your suggestion is more suitable for the figure.",
      "suffix": "",
      "rebuttal_stance": "concur",
      "rebuttal_action": "rebuttal_done",
      "alignment": [
        "context_sentences",
        [
          39
        ]
      ],
      "details": {
        "request_out_of_scope": true
      }
    },
    {
      "review_id": "HyeHzlJ537",
      "rebuttal_id": "HygpTo-FR7",
      "sentence_index": 61,
      "text": "However, it is difficult to show the figure you want because the number of selected samples is different every time.",
      "suffix": "\n\n\n",
      "rebuttal_stance": "dispute",
      "rebuttal_action": "rebuttal_reject-request",
      "alignment": [
        "context_sentences",
        [
          39
        ]
      ],
      "details": {
        "request_out_of_scope": true
      }
    },
    {
      "review_id": "HyeHzlJ537",
      "rebuttal_id": "HygpTo-FR7",
      "sentence_index": 62,
      "text": "Remark 8. \"Synthetic experiments of supplementary materials: the gains of the methods seem to be small. What are the numerical results? What would happen if you allow to select starting point at random (a more realistic case)?\"",
      "suffix": "\n\n",
      "rebuttal_stance": "nonarg",
      "rebuttal_action": "rebuttal_structuring",
      "alignment": [
        "context_sentences",
        [
          40
        ]
      ],
      "details": {}
    },
    {
      "review_id": "HyeHzlJ537",
      "rebuttal_id": "HygpTo-FR7",
      "sentence_index": 63,
      "text": "A : The performance depends on the initial points, therefore sometimes the performance is not good. Since the inputs are the x and y coordinate values, it can be very easy to add to the training set.",
      "suffix": "",
      "rebuttal_stance": "concur",
      "rebuttal_action": "rebuttal_answer",
      "alignment": [
        "context_sentences",
        [
          40
        ]
      ],
      "details": {}
    },
    {
      "review_id": "HyeHzlJ537",
      "rebuttal_id": "HygpTo-FR7",
      "sentence_index": 64,
      "text": "(ex.. class 1 : (-1, 0), (1, 0) , class 2 : (0.5, -0.5), (1.5, -0.5) , then decision boundary could be (:, -0.25) then class 2 unlabeled data (0, 0.5) is classified as class 1 and can have a very high selection score.)",
      "suffix": "\n\n\n",
      "rebuttal_stance": "concur",
      "rebuttal_action": "rebuttal_answer",
      "alignment": [
        "context_sentences",
        [
          40
        ]
      ],
      "details": {}
    },
    {
      "review_id": "HyeHzlJ537",
      "rebuttal_id": "HygpTo-FR7",
      "sentence_index": 65,
      "text": "Remark 9. Can you explain the sentence \"To prevent data being added suddenly, no data was added until 5 iterations\"?",
      "suffix": "\n\n",
      "rebuttal_stance": "nonarg",
      "rebuttal_action": "rebuttal_structuring",
      "alignment": [
        "context_sentences",
        [
          41
        ]
      ],
      "details": {}
    },
    {
      "review_id": "HyeHzlJ537",
      "rebuttal_id": "HygpTo-FR7",
      "sentence_index": 66,
      "text": "A : In fixed mode, we ensemble the selection scores, which makes the prediction more consistent.",
      "suffix": "",
      "rebuttal_stance": "concur",
      "rebuttal_action": "rebuttal_answer",
      "alignment": [
        "context_sentences",
        [
          41
        ]
      ],
      "details": {}
    },
    {
      "review_id": "HyeHzlJ537",
      "rebuttal_id": "HygpTo-FR7",
      "sentence_index": 67,
      "text": "Also, for a more reliable selection score, we do not add unlabeled data to the new training set and train with labeled data only for 5 iterations.",
      "suffix": "\n\n\n",
      "rebuttal_stance": "concur",
      "rebuttal_action": "rebuttal_answer",
      "alignment": [
        "context_sentences",
        [
          41
        ]
      ],
      "details": {}
    },
    {
      "review_id": "HyeHzlJ537",
      "rebuttal_id": "HygpTo-FR7",
      "sentence_index": 68,
      "text": "Remark 10. \"How was it possible to improve the performance in the experiment of section 4.2 with 100% of irrelevant classes?\"",
      "suffix": "\n\n",
      "rebuttal_stance": "nonarg",
      "rebuttal_action": "rebuttal_structuring",
      "alignment": [
        "context_sentences",
        [
          42
        ]
      ],
      "details": {}
    },
    {
      "review_id": "HyeHzlJ537",
      "rebuttal_id": "HygpTo-FR7",
      "sentence_index": 69,
      "text": "A : We suspect that this performance improvement is due to re-initializing learning rate.",
      "suffix": "",
      "rebuttal_stance": "nonarg",
      "rebuttal_action": "rebuttal_structuring",
      "alignment": [
        "context_sentences",
        [
          42
        ]
      ],
      "details": {}
    },
    {
      "review_id": "HyeHzlJ537",
      "rebuttal_id": "HygpTo-FR7",
      "sentence_index": 70,
      "text": "After constructing a new training dataset, we retrain our model with the learning rate of the initial value.",
      "suffix": "",
      "rebuttal_stance": "nonarg",
      "rebuttal_action": "rebuttal_structuring",
      "alignment": [
        "context_sentences",
        [
          42
        ]
      ],
      "details": {}
    },
    {
      "review_id": "HyeHzlJ537",
      "rebuttal_id": "HygpTo-FR7",
      "sentence_index": 71,
      "text": "In decay mode (Figure 2, Figure 3 (a) and (b) of the original manuscript), the accuracy is slightly increased and gets saturated while unlabeled data is not being added.",
      "suffix": "",
      "rebuttal_stance": "concur",
      "rebuttal_action": "rebuttal_answer",
      "alignment": [
        "context_sentences",
        [
          42
        ]
      ],
      "details": {}
    },
    {
      "review_id": "HyeHzlJ537",
      "rebuttal_id": "HygpTo-FR7",
      "sentence_index": 72,
      "text": "However, the accuracy begins to increase or decrease relatively more after adding selected data to the new training dataset.",
      "suffix": "",
      "rebuttal_stance": "concur",
      "rebuttal_action": "rebuttal_answer",
      "alignment": [
        "context_sentences",
        [
          42
        ]
      ],
      "details": {}
    },
    {
      "review_id": "HyeHzlJ537",
      "rebuttal_id": "HygpTo-FR7",
      "sentence_index": 73,
      "text": "In fixed mode (Figure 3 (c) and (d) of the original manuscript), the improvement with the 100% of irrelevant classes seems to be due to re-initializing learning rate.",
      "suffix": "",
      "rebuttal_stance": "concur",
      "rebuttal_action": "rebuttal_answer",
      "alignment": [
        "context_sentences",
        [
          42
        ]
      ],
      "details": {}
    },
    {
      "review_id": "HyeHzlJ537",
      "rebuttal_id": "HygpTo-FR7",
      "sentence_index": 74,
      "text": "However, SST algorithm with other ratios of out-of-class samples results in performance improvement compared to the 100% because out-of-class samples are not selected.",
      "suffix": "",
      "rebuttal_stance": "concur",
      "rebuttal_action": "rebuttal_answer",
      "alignment": [
        "context_sentences",
        [
          42
        ]
      ],
      "details": {}
    }
  ]
}