{
  "metadata": {
    "forum_id": "ByljMaNKwB",
    "review_id": "Hyxp9P_RuH",
    "rebuttal_id": "BkeUECAvsr",
    "title": "Domain Aggregation Networks for Multi-Source Domain Adaptation",
    "reviewer": "AnonReviewer1",
    "rating": 3,
    "conference": "ICLR2020",
    "permalink": "https://openreview.net/forum?id=ByljMaNKwB&noteId=BkeUECAvsr",
    "annotator": "anno10"
  },
  "review_sentences": [
    {
      "review_id": "Hyxp9P_RuH",
      "sentence_index": 0,
      "text": "###Summary###",
      "suffix": "\n",
      "review_action": "arg_structuring",
      "fine_review_action": "arg-structuring_heading",
      "aspect": "none",
      "polarity": "none"
    },
    {
      "review_id": "Hyxp9P_RuH",
      "sentence_index": 1,
      "text": "This paper tackles the multi-source domain adaptation by aggregate multiple source domains dynamically during the training phase.",
      "suffix": "",
      "review_action": "arg_structuring",
      "fine_review_action": "arg-structuring_summary",
      "aspect": "none",
      "polarity": "none"
    },
    {
      "review_id": "Hyxp9P_RuH",
      "sentence_index": 2,
      "text": "The observation is that in many real-world applications, we want to exploit multiple source datasets of similar tasks to learn a model for a different but related target datasets.",
      "suffix": "\n\n",
      "review_action": "arg_structuring",
      "fine_review_action": "arg-structuring_summary",
      "aspect": "none",
      "polarity": "none"
    },
    {
      "review_id": "Hyxp9P_RuH",
      "sentence_index": 3,
      "text": "Firstly, the paper derives a multiple-source domain adaptation upper-bound from single-to-single domain adaptation generalization bound, based on the theoretical work from Cortes et al (2019).",
      "suffix": "",
      "review_action": "arg_structuring",
      "fine_review_action": "arg-structuring_summary",
      "aspect": "none",
      "polarity": "none"
    },
    {
      "review_id": "Hyxp9P_RuH",
      "sentence_index": 4,
      "text": "The idea is similar to Zhao et al (2019), which introduces a weighted parameter \\alpha to combine the source domains together.",
      "suffix": "\n\n",
      "review_action": "arg_structuring",
      "fine_review_action": "arg-structuring_summary",
      "aspect": "none",
      "polarity": "none"
    },
    {
      "review_id": "Hyxp9P_RuH",
      "sentence_index": 5,
      "text": "Secondly, based on the theoretical result, the paper proposes an algorithm to minimize the upper bound of the theoretical result.",
      "suffix": "",
      "review_action": "arg_structuring",
      "fine_review_action": "arg-structuring_summary",
      "aspect": "none",
      "polarity": "none"
    },
    {
      "review_id": "Hyxp9P_RuH",
      "sentence_index": 6,
      "text": "The upper bound can be simplified as the quartic form (Eq. 4) and can be optimized with the Lagrangian form.",
      "suffix": "",
      "review_action": "arg_structuring",
      "fine_review_action": "arg-structuring_summary",
      "aspect": "none",
      "polarity": "none"
    },
    {
      "review_id": "Hyxp9P_RuH",
      "sentence_index": 7,
      "text": "Since no closed-form expression for the optimal v can be derived, the authors propose to use binary search to find it.",
      "suffix": "\n\n",
      "review_action": "arg_structuring",
      "fine_review_action": "arg-structuring_summary",
      "aspect": "none",
      "polarity": "none"
    },
    {
      "review_id": "Hyxp9P_RuH",
      "sentence_index": 8,
      "text": "Based on the theoretical results and the algorithm, the paper introduces Domain AggRegation Network (DARN), which contains a base network for feature extraction, h_y to minimize the task loss and h_d to evaluate the discrepancy between each source domain and target domain.",
      "suffix": "",
      "review_action": "arg_structuring",
      "fine_review_action": "arg-structuring_summary",
      "aspect": "none",
      "polarity": "none"
    },
    {
      "review_id": "Hyxp9P_RuH",
      "sentence_index": 9,
      "text": "The loss is aggregation with the parameter \\alpha.",
      "suffix": "\n\n",
      "review_action": "arg_structuring",
      "fine_review_action": "arg-structuring_summary",
      "aspect": "none",
      "polarity": "none"
    },
    {
      "review_id": "Hyxp9P_RuH",
      "sentence_index": 10,
      "text": "Finally, the paper conduct experiments on sentimental analysis benchmark, Amazon Review and digit datasets.",
      "suffix": "",
      "review_action": "arg_structuring",
      "fine_review_action": "arg-structuring_summary",
      "aspect": "none",
      "polarity": "none"
    },
    {
      "review_id": "Hyxp9P_RuH",
      "sentence_index": 11,
      "text": "The paper selects MDAN, DANN, MDMN as the baselines.",
      "suffix": "",
      "review_action": "arg_structuring",
      "fine_review_action": "arg-structuring_summary",
      "aspect": "none",
      "polarity": "none"
    },
    {
      "review_id": "Hyxp9P_RuH",
      "sentence_index": 12,
      "text": "On the amazon review dataset, the performance of the proposed DARN model is comparable with the MDMN baseline.",
      "suffix": "",
      "review_action": "arg_structuring",
      "fine_review_action": "arg-structuring_summary",
      "aspect": "none",
      "polarity": "none"
    },
    {
      "review_id": "Hyxp9P_RuH",
      "sentence_index": 13,
      "text": "On the digit dataset, the model can outperform the baselines.",
      "suffix": "\n\n\n",
      "review_action": "arg_structuring",
      "fine_review_action": "arg-structuring_summary",
      "aspect": "none",
      "polarity": "none"
    },
    {
      "review_id": "Hyxp9P_RuH",
      "sentence_index": 14,
      "text": "### Novelty ##",
      "suffix": "",
      "review_action": "arg_structuring",
      "fine_review_action": "arg-structuring_heading",
      "aspect": "none",
      "polarity": "none"
    },
    {
      "review_id": "Hyxp9P_RuH",
      "sentence_index": 15,
      "text": "#",
      "suffix": "\n\n",
      "review_action": "none",
      "fine_review_action": "none",
      "aspect": "none",
      "polarity": "none"
    },
    {
      "review_id": "Hyxp9P_RuH",
      "sentence_index": 16,
      "text": "The theoretical results in this paper are extended from Cortes et al (2019) and Zhao et al (2018).",
      "suffix": "",
      "review_action": "arg_fact",
      "fine_review_action": "none",
      "aspect": "none",
      "polarity": "none"
    },
    {
      "review_id": "Hyxp9P_RuH",
      "sentence_index": 17,
      "text": "Thus, the theoretical contribution of this paper is limited.",
      "suffix": "\n\n",
      "review_action": "arg_evaluative",
      "fine_review_action": "none",
      "aspect": "asp_substance",
      "polarity": "pol_negative"
    },
    {
      "review_id": "Hyxp9P_RuH",
      "sentence_index": 18,
      "text": "The algorithm proposed in this paper is interesting.",
      "suffix": "",
      "review_action": "arg_evaluative",
      "fine_review_action": "none",
      "aspect": "asp_originality",
      "polarity": "pol_positive"
    },
    {
      "review_id": "Hyxp9P_RuH",
      "sentence_index": 19,
      "text": "However, the motivation of the proposed method is to minimize the upper bound, not the loss itself, i.e. L_T(h, f_T).",
      "suffix": "",
      "review_action": "arg_fact",
      "fine_review_action": "none",
      "aspect": "none",
      "polarity": "none"
    },
    {
      "review_id": "Hyxp9P_RuH",
      "sentence_index": 20,
      "text": "Intuitively, when the upper bound of the loss is minimized, it will be beneficial to minimize the loss itself.",
      "suffix": "",
      "review_action": "arg_fact",
      "fine_review_action": "none",
      "aspect": "none",
      "polarity": "none"
    },
    {
      "review_id": "Hyxp9P_RuH",
      "sentence_index": 21,
      "text": "But it's not guaranteed as the upper bound contains other variables, such as the number of training samples and model complexity.",
      "suffix": "",
      "review_action": "arg_evaluative",
      "fine_review_action": "none",
      "aspect": "asp_soundness-correctness",
      "polarity": "pol_negative"
    },
    {
      "review_id": "Hyxp9P_RuH",
      "sentence_index": 22,
      "text": "If the training samples and model complexity (think about the parameters in the deep models) are significantly large, the upper bound of the loss might be also very large.",
      "suffix": "\n\n",
      "review_action": "arg_evaluative",
      "fine_review_action": "none",
      "aspect": "asp_soundness-correctness",
      "polarity": "pol_negative"
    },
    {
      "review_id": "Hyxp9P_RuH",
      "sentence_index": 23,
      "text": "As for the experimental results, the paper only provides results on the sentimental analysis results and digit datasets, which are small benchmarks.",
      "suffix": "",
      "review_action": "arg_evaluative",
      "fine_review_action": "none",
      "aspect": "asp_substance",
      "polarity": "pol_negative"
    },
    {
      "review_id": "Hyxp9P_RuH",
      "sentence_index": 24,
      "text": "The selected baselines are not sufficient.",
      "suffix": "",
      "review_action": "arg_evaluative",
      "fine_review_action": "none",
      "aspect": "asp_substance",
      "polarity": "pol_negative"
    },
    {
      "review_id": "Hyxp9P_RuH",
      "sentence_index": 25,
      "text": "The improvement from the baselines is also limited.",
      "suffix": "\n\n\n\n",
      "review_action": "arg_evaluative",
      "fine_review_action": "none",
      "aspect": "asp_substance",
      "polarity": "pol_negative"
    },
    {
      "review_id": "Hyxp9P_RuH",
      "sentence_index": 26,
      "text": "###Clarity##",
      "suffix": "",
      "review_action": "arg_structuring",
      "fine_review_action": "arg-structuring_heading",
      "aspect": "none",
      "polarity": "none"
    },
    {
      "review_id": "Hyxp9P_RuH",
      "sentence_index": 27,
      "text": "#",
      "suffix": "\n\n",
      "review_action": "none",
      "fine_review_action": "none",
      "aspect": "none",
      "polarity": "none"
    },
    {
      "review_id": "Hyxp9P_RuH",
      "sentence_index": 28,
      "text": "Overall, the paper is well organized and logically clear.",
      "suffix": "",
      "review_action": "arg_evaluative",
      "fine_review_action": "none",
      "aspect": "asp_clarity",
      "polarity": "pol_positive"
    },
    {
      "review_id": "Hyxp9P_RuH",
      "sentence_index": 29,
      "text": "The images are well-presented and well-explained by the captions and the text.",
      "suffix": "\n\n",
      "review_action": "arg_evaluative",
      "fine_review_action": "none",
      "aspect": "asp_clarity",
      "polarity": "pol_positive"
    },
    {
      "review_id": "Hyxp9P_RuH",
      "sentence_index": 30,
      "text": "The derivation of the algorithm in Sec 3.2 is logically clear and easy to follow.",
      "suffix": "\n\n",
      "review_action": "arg_evaluative",
      "fine_review_action": "none",
      "aspect": "asp_soundness-correctness",
      "polarity": "pol_positive"
    },
    {
      "review_id": "Hyxp9P_RuH",
      "sentence_index": 31,
      "text": "###Pros#",
      "suffix": "",
      "review_action": "arg_structuring",
      "fine_review_action": "arg-structuring_heading",
      "aspect": "none",
      "polarity": "none"
    },
    {
      "review_id": "Hyxp9P_RuH",
      "sentence_index": 32,
      "text": "##",
      "suffix": "\n\n",
      "review_action": "none",
      "fine_review_action": "none",
      "aspect": "none",
      "polarity": "none"
    },
    {
      "review_id": "Hyxp9P_RuH",
      "sentence_index": 33,
      "text": "1) The paper proposes a new theoretical upper-bound based on the prior works, the upper-bound and its derivation are interesting and heuristic to the domain adaptation research community.",
      "suffix": "\n",
      "review_action": "arg_evaluative",
      "fine_review_action": "none",
      "aspect": "asp_originality",
      "polarity": "pol_positive"
    },
    {
      "review_id": "Hyxp9P_RuH",
      "sentence_index": 34,
      "text": "2) The paper is applicable to many practical scenarios since the data from the real-world application is typically collected from multiple sources.",
      "suffix": "\n",
      "review_action": "arg_evaluative",
      "fine_review_action": "none",
      "aspect": "asp_motivation-impact",
      "polarity": "pol_positive"
    },
    {
      "review_id": "Hyxp9P_RuH",
      "sentence_index": 35,
      "text": "3) The paper is overall well-organized and well-written.",
      "suffix": "",
      "review_action": "arg_evaluative",
      "fine_review_action": "none",
      "aspect": "asp_clarity",
      "polarity": "pol_positive"
    },
    {
      "review_id": "Hyxp9P_RuH",
      "sentence_index": 36,
      "text": "The claims of the paper are verified by the experimental results.",
      "suffix": "\n\n",
      "review_action": "arg_evaluative",
      "fine_review_action": "none",
      "aspect": "asp_substance",
      "polarity": "pol_positive"
    },
    {
      "review_id": "Hyxp9P_RuH",
      "sentence_index": 37,
      "text": "##",
      "suffix": "",
      "review_action": "arg_structuring",
      "fine_review_action": "arg-structuring_heading",
      "aspect": "none",
      "polarity": "none"
    },
    {
      "review_id": "Hyxp9P_RuH",
      "sentence_index": 38,
      "text": "#Cons#",
      "suffix": "",
      "review_action": "none",
      "fine_review_action": "none",
      "aspect": "none",
      "polarity": "none"
    },
    {
      "review_id": "Hyxp9P_RuH",
      "sentence_index": 39,
      "text": "##",
      "suffix": "\n\n",
      "review_action": "none",
      "fine_review_action": "none",
      "aspect": "none",
      "polarity": "none"
    },
    {
      "review_id": "Hyxp9P_RuH",
      "sentence_index": 40,
      "text": "1) The critical issue of this paper is that the algorithm is designed to minimize the upper bound.",
      "suffix": "",
      "review_action": "arg_evaluative",
      "fine_review_action": "none",
      "aspect": "asp_substance",
      "polarity": "pol_negative"
    },
    {
      "review_id": "Hyxp9P_RuH",
      "sentence_index": 41,
      "text": "The idea is intuitive when the upper bound is small.",
      "suffix": "",
      "review_action": "arg_evaluative",
      "fine_review_action": "none",
      "aspect": "asp_soundness-correctness",
      "polarity": "pol_positive"
    },
    {
      "review_id": "Hyxp9P_RuH",
      "sentence_index": 42,
      "text": "However, the proposed upper bound in the paper involves other parameters, such as the model complexity and the number of training samples.",
      "suffix": "\n",
      "review_action": "arg_evaluative",
      "fine_review_action": "none",
      "aspect": "asp_soundness-correctness",
      "polarity": "pol_negative"
    },
    {
      "review_id": "Hyxp9P_RuH",
      "sentence_index": 43,
      "text": "It's an intuitive idea to weight different source domains in multi-source domain adaptation.",
      "suffix": "",
      "review_action": "arg_fact",
      "fine_review_action": "none",
      "aspect": "none",
      "polarity": "none"
    },
    {
      "review_id": "Hyxp9P_RuH",
      "sentence_index": 44,
      "text": "The paper derives the weight by the Lagrangian form to minimize the upper bound.",
      "suffix": "",
      "review_action": "arg_fact",
      "fine_review_action": "none",
      "aspect": "none",
      "polarity": "none"
    },
    {
      "review_id": "Hyxp9P_RuH",
      "sentence_index": 45,
      "text": "While another trivial trick is to evaluate \\alpha by the domain closeness between each source domain with the target domain.",
      "suffix": "\n",
      "review_action": "arg_fact",
      "fine_review_action": "none",
      "aspect": "none",
      "polarity": "none"
    },
    {
      "review_id": "Hyxp9P_RuH",
      "sentence_index": 46,
      "text": "2) The experimental results provided in this paper are weak.",
      "suffix": "",
      "review_action": "arg_evaluative",
      "fine_review_action": "none",
      "aspect": "asp_substance",
      "polarity": "pol_negative"
    },
    {
      "review_id": "Hyxp9P_RuH",
      "sentence_index": 47,
      "text": "In the abstract and introduction",
      "suffix": "",
      "review_action": "arg_fact",
      "fine_review_action": "none",
      "aspect": "none",
      "polarity": "none"
    },
    {
      "review_id": "Hyxp9P_RuH",
      "sentence_index": 48,
      "text": ",  the paper motivates the multi-source domain adaptation (MSDA) problem by arguing that the MSDA has a lot of real applications.",
      "suffix": "",
      "review_action": "none",
      "fine_review_action": "none",
      "aspect": "none",
      "polarity": "none"
    },
    {
      "review_id": "Hyxp9P_RuH",
      "sentence_index": 49,
      "text": "But the paper only provides empirical results on sentimental analysis and digit recognition.",
      "suffix": "",
      "review_action": "arg_evaluative",
      "fine_review_action": "none",
      "aspect": "asp_substance",
      "polarity": "pol_negative"
    },
    {
      "review_id": "Hyxp9P_RuH",
      "sentence_index": 50,
      "text": "Besides, the results on the sentimental analysis are comparable with the compared baselines.",
      "suffix": "\n\n",
      "review_action": "arg_evaluative",
      "fine_review_action": "none",
      "aspect": "asp_substance",
      "polarity": "pol_negative"
    },
    {
      "review_id": "Hyxp9P_RuH",
      "sentence_index": 51,
      "text": "It will be also interesting to see how does the proposed method perform on large-scale datasets such as DomainNet and Office-Home dataset:",
      "suffix": "\n",
      "review_action": "arg_request",
      "fine_review_action": "arg-request_experiment",
      "aspect": "asp_substance",
      "polarity": "pol_negative"
    },
    {
      "review_id": "Hyxp9P_RuH",
      "sentence_index": 52,
      "text": "DomainNet: Moment Matching for Multi-Source Domain Adaptation, ICCV 2019.",
      "suffix": "",
      "review_action": "arg_other",
      "fine_review_action": "none",
      "aspect": "none",
      "polarity": "none"
    },
    {
      "review_id": "Hyxp9P_RuH",
      "sentence_index": 53,
      "text": "http://ai.bu.edu/DomainNet/",
      "suffix": "\n",
      "review_action": "arg_other",
      "fine_review_action": "none",
      "aspect": "none",
      "polarity": "none"
    },
    {
      "review_id": "Hyxp9P_RuH",
      "sentence_index": 54,
      "text": "Office-Home: Deep Hashing Network for Unsupervised Domain Adaptation, CVPR 2017.",
      "suffix": "",
      "review_action": "arg_other",
      "fine_review_action": "none",
      "aspect": "none",
      "polarity": "none"
    },
    {
      "review_id": "Hyxp9P_RuH",
      "sentence_index": 55,
      "text": "http://hemanthdv.org/OfficeHome-Dataset/",
      "suffix": "\n\n",
      "review_action": "arg_other",
      "fine_review_action": "none",
      "aspect": "none",
      "polarity": "none"
    },
    {
      "review_id": "Hyxp9P_RuH",
      "sentence_index": 56,
      "text": "3) The novelty of this paper is incremental as the theoretical results are extended from Cortes et al (2019) and Zhao et al (2018).",
      "suffix": "\n\n",
      "review_action": "arg_evaluative",
      "fine_review_action": "none",
      "aspect": "asp_originality",
      "polarity": "pol_negative"
    },
    {
      "review_id": "Hyxp9P_RuH",
      "sentence_index": 57,
      "text": "Based on the summary, cons, and pros, the current rating I am giving now is weak reject. I would like to discuss the final rating with other reviewers, ACs.",
      "suffix": "\n",
      "review_action": "arg_evaluative",
      "fine_review_action": "none",
      "aspect": "arg_other",
      "polarity": "pol_negative"
    },
    {
      "review_id": "Hyxp9P_RuH",
      "sentence_index": 58,
      "text": "To improve the rating, the author should explain the following questions:",
      "suffix": "\n",
      "review_action": "arg_request",
      "fine_review_action": "arg-request_explanation",
      "aspect": "arg_other",
      "polarity": "pol_negative"
    },
    {
      "review_id": "Hyxp9P_RuH",
      "sentence_index": 59,
      "text": "1). Why minimizing the upper bound in this scenario would help to minimize the loss on the target domain, when the upper bound can be substantially huge? How about just evaluate \\alpha by the closeness of the source domain with the target domain?",
      "suffix": "\n",
      "review_action": "arg_request",
      "fine_review_action": "arg-request_explanation",
      "aspect": "asp_soundness-correctness",
      "polarity": "pol_negative"
    },
    {
      "review_id": "Hyxp9P_RuH",
      "sentence_index": 60,
      "text": "2)",
      "suffix": "",
      "review_action": "arg_other",
      "fine_review_action": "none",
      "aspect": "none",
      "polarity": "none"
    },
    {
      "review_id": "Hyxp9P_RuH",
      "sentence_index": 61,
      "text": ".",
      "suffix": "",
      "review_action": "none",
      "fine_review_action": "none",
      "aspect": "none",
      "polarity": "none"
    },
    {
      "review_id": "Hyxp9P_RuH",
      "sentence_index": 62,
      "text": "In the introduction, the paper motivates the multi-source domain adaptation (MSDA) problem by arguing that the MSDA has a lot of real applications.",
      "suffix": "",
      "review_action": "arg_fact",
      "fine_review_action": "none",
      "aspect": "none",
      "polarity": "none"
    },
    {
      "review_id": "Hyxp9P_RuH",
      "sentence_index": 63,
      "text": "While the experiments are only performed on sentimental analysis and digit recognition. How about evaluating the proposed methods on real image recognition such as DomainNet or Office-Home?",
      "suffix": "",
      "review_action": "arg_request",
      "fine_review_action": "arg-request_experiment",
      "aspect": "asp_substance",
      "polarity": "pol_negative"
    }
  ],
  "rebuttal_sentences": [
    {
      "review_id": "Hyxp9P_RuH",
      "rebuttal_id": "BkeUECAvsr",
      "sentence_index": 0,
      "text": "Thank you for your thorough assessment and helpful comments! To answer your two questions:",
      "suffix": "\n\n",
      "rebuttal_stance": "nonarg",
      "rebuttal_action": "rebuttal_social",
      "alignment": [
        "context_global",
        null
      ],
      "details": {}
    },
    {
      "review_id": "Hyxp9P_RuH",
      "rebuttal_id": "BkeUECAvsr",
      "sentence_index": 1,
      "text": "1) Upper bound",
      "suffix": "\n",
      "rebuttal_stance": "nonarg",
      "rebuttal_action": "rebuttal_structuring",
      "alignment": [
        "context_sentences",
        [
          59
        ]
      ],
      "details": {}
    },
    {
      "review_id": "Hyxp9P_RuH",
      "rebuttal_id": "BkeUECAvsr",
      "sentence_index": 2,
      "text": "You are right that it would be ideal to optimize the target loss L_T(h, f_T) directly.",
      "suffix": "",
      "rebuttal_stance": "dispute",
      "rebuttal_action": "rebuttal_reject-request",
      "alignment": [
        "context_sentences",
        [
          59
        ]
      ],
      "details": {
        "request_out_of_scope": true
      }
    },
    {
      "review_id": "Hyxp9P_RuH",
      "rebuttal_id": "BkeUECAvsr",
      "sentence_index": 3,
      "text": "However, this is not possible because we do not have labelled target data (i.e., f_T is unknown).",
      "suffix": "",
      "rebuttal_stance": "dispute",
      "rebuttal_action": "rebuttal_reject-request",
      "alignment": [
        "context_sentences",
        [
          59
        ]
      ],
      "details": {
        "request_out_of_scope": true
      }
    },
    {
      "review_id": "Hyxp9P_RuH",
      "rebuttal_id": "BkeUECAvsr",
      "sentence_index": 4,
      "text": "Minimizing an upper bound is arguably the only viable option *with theoretical generalization guarantee*. It is a common practice in the domain adaptation community (Mansour et al., 2009a, 2009b; Ben-David et al. 2007, 2010; Cortes and Mohri, 2011), and it is essentially the key idea of PAC learning and generalization analysis (Gy\u00f6rfi et al., 2006; Sch\u00f6lkopf et al., 2002; Vapnik, 2013).",
      "suffix": "",
      "rebuttal_stance": "dispute",
      "rebuttal_action": "rebuttal_reject-criticism",
      "alignment": [
        "context_sentences",
        [
          59
        ]
      ],
      "details": {}
    },
    {
      "review_id": "Hyxp9P_RuH",
      "rebuttal_id": "BkeUECAvsr",
      "sentence_index": 5,
      "text": "Besides, our method *directly* optimizes the upper bound without resorting to heuristics, unlike prior methods.",
      "suffix": "\n\n",
      "rebuttal_stance": "dispute",
      "rebuttal_action": "rebuttal_reject-criticism",
      "alignment": [
        "context_sentences",
        [
          59
        ]
      ],
      "details": {}
    },
    {
      "review_id": "Hyxp9P_RuH",
      "rebuttal_id": "BkeUECAvsr",
      "sentence_index": 6,
      "text": "Ref:",
      "suffix": "\n",
      "rebuttal_stance": "nonarg",
      "rebuttal_action": "rebuttal_structuring",
      "alignment": [
        "context_in-rebuttal",
        null
      ],
      "details": {}
    },
    {
      "review_id": "Hyxp9P_RuH",
      "rebuttal_id": "BkeUECAvsr",
      "sentence_index": 7,
      "text": "- Gy\u00f6rfi, L., Kohler, M., Krzyzak, A. and Walk, H., 2006. A distribution-free theory of nonparametric regression. Springer Science & Business Media.",
      "suffix": "\n",
      "rebuttal_stance": "nonarg",
      "rebuttal_action": "rebuttal_other",
      "alignment": [
        "context_in-rebuttal",
        null
      ],
      "details": {}
    },
    {
      "review_id": "Hyxp9P_RuH",
      "rebuttal_id": "BkeUECAvsr",
      "sentence_index": 8,
      "text": "- Sch\u00f6lkopf, B., Smola, A.J. and Bach, F., 2002. Learning with kernels: support vector machines, regularization, optimization, and beyond. MIT press.",
      "suffix": "\n",
      "rebuttal_stance": "nonarg",
      "rebuttal_action": "rebuttal_other",
      "alignment": [
        "context_in-rebuttal",
        null
      ],
      "details": {}
    },
    {
      "review_id": "Hyxp9P_RuH",
      "rebuttal_id": "BkeUECAvsr",
      "sentence_index": 9,
      "text": "- Vapnik, V., 2013. The nature of statistical learning theory. Springer science & business media.",
      "suffix": "\n\n",
      "rebuttal_stance": "nonarg",
      "rebuttal_action": "rebuttal_other",
      "alignment": [
        "context_in-rebuttal",
        null
      ],
      "details": {}
    },
    {
      "review_id": "Hyxp9P_RuH",
      "rebuttal_id": "BkeUECAvsr",
      "sentence_index": 10,
      "text": "2) More experiment",
      "suffix": "\n",
      "rebuttal_stance": "nonarg",
      "rebuttal_action": "rebuttal_structuring",
      "alignment": [
        "context_in-rebuttal",
        null
      ],
      "details": {}
    },
    {
      "review_id": "Hyxp9P_RuH",
      "rebuttal_id": "BkeUECAvsr",
      "sentence_index": 11,
      "text": "Thank you for pointing out these datasets.",
      "suffix": "",
      "rebuttal_stance": "concur",
      "rebuttal_action": "rebuttal_concede-criticism",
      "alignment": [
        "context_sentences",
        [
          62,
          63
        ]
      ],
      "details": {}
    },
    {
      "review_id": "Hyxp9P_RuH",
      "rebuttal_id": "BkeUECAvsr",
      "sentence_index": 12,
      "text": "We have conducted further experiments on the Office-Home dataset,  using the ResNet50 as the backbone architecture and changing the classification head to 65 classes.",
      "suffix": "",
      "rebuttal_stance": "concur",
      "rebuttal_action": "rebuttal_done",
      "alignment": [
        "context_sentences",
        [
          62,
          63
        ]
      ],
      "details": {
        "request_out_of_scope": true
      }
    },
    {
      "review_id": "Hyxp9P_RuH",
      "rebuttal_id": "BkeUECAvsr",
      "sentence_index": 13,
      "text": "As we can see in the new Section 5.3, our method achieve state-of-the-art performance and outperform all alternatives",
      "suffix": "",
      "rebuttal_stance": "concur",
      "rebuttal_action": "rebuttal_done",
      "alignment": [
        "context_sentences",
        [
          62,
          63
        ]
      ],
      "details": {
        "request_out_of_scope": true
      }
    },
    {
      "review_id": "Hyxp9P_RuH",
      "rebuttal_id": "BkeUECAvsr",
      "sentence_index": 14,
      "text": "; these results are statistically significant.",
      "suffix": "\n\n",
      "rebuttal_stance": "concur",
      "rebuttal_action": "rebuttal_done",
      "alignment": [
        "context_sentences",
        [
          62,
          63
        ]
      ],
      "details": {
        "request_out_of_scope": true
      }
    },
    {
      "review_id": "Hyxp9P_RuH",
      "rebuttal_id": "BkeUECAvsr",
      "sentence_index": 15,
      "text": "In addition, we have added one more competitive baseline (M3SDA) from the DomainNet paper you mentioned, using their public code with a few necessary adjustments for each dataset (e.g., network architecture, etc).",
      "suffix": "",
      "rebuttal_stance": "concur",
      "rebuttal_action": "rebuttal_done",
      "alignment": [
        "context_sentences",
        [
          62,
          63
        ]
      ],
      "details": {
        "request_out_of_scope": true
      }
    },
    {
      "review_id": "Hyxp9P_RuH",
      "rebuttal_id": "BkeUECAvsr",
      "sentence_index": 16,
      "text": "We ensure that all methods use the same backbone architecture for a fair comparison.",
      "suffix": "",
      "rebuttal_stance": "concur",
      "rebuttal_action": "rebuttal_answer",
      "alignment": [
        "context_sentences",
        [
          62,
          63
        ]
      ],
      "details": {}
    },
    {
      "review_id": "Hyxp9P_RuH",
      "rebuttal_id": "BkeUECAvsr",
      "sentence_index": 17,
      "text": "Again, our method outperform M3SDA in all datasets.",
      "suffix": "\n\n",
      "rebuttal_stance": "concur",
      "rebuttal_action": "rebuttal_answer",
      "alignment": [
        "context_sentences",
        [
          62,
          63
        ]
      ],
      "details": {}
    },
    {
      "review_id": "Hyxp9P_RuH",
      "rebuttal_id": "BkeUECAvsr",
      "sentence_index": 18,
      "text": "If you have any other comments or concerns, we are happy to provide further feedback.",
      "suffix": "",
      "rebuttal_stance": "nonarg",
      "rebuttal_action": "rebuttal_social",
      "alignment": [
        "context_global",
        null
      ],
      "details": {}
    },
    {
      "review_id": "Hyxp9P_RuH",
      "rebuttal_id": "BkeUECAvsr",
      "sentence_index": 19,
      "text": "Thank you!",
      "suffix": "",
      "rebuttal_stance": "nonarg",
      "rebuttal_action": "rebuttal_social",
      "alignment": [
        "context_global",
        null
      ],
      "details": {}
    }
  ]
}