{
  "metadata": {
    "forum_id": "BkgWHnR5tm",
    "review_id": "rJxUPOqhhX",
    "rebuttal_id": "BkeBMdpg07",
    "title": "Neural Graph Evolution: Towards Efficient Automatic Robot Design",
    "reviewer": "AnonReviewer1",
    "rating": 6,
    "conference": "ICLR2019",
    "permalink": "https://openreview.net/forum?id=BkgWHnR5tm&noteId=BkeBMdpg07",
    "annotator": "anno2"
  },
  "review_sentences": [
    {
      "review_id": "rJxUPOqhhX",
      "sentence_index": 0,
      "text": "[Summary]:",
      "suffix": "\n",
      "review_action": "arg_structuring",
      "fine_review_action": "arg-structuring_heading",
      "aspect": "none",
      "polarity": "none"
    },
    {
      "review_id": "rJxUPOqhhX",
      "sentence_index": 1,
      "text": "This paper tackles the problem of automatic robot design.",
      "suffix": "",
      "review_action": "arg_structuring",
      "fine_review_action": "arg-structuring_summary",
      "aspect": "none",
      "polarity": "none"
    },
    {
      "review_id": "rJxUPOqhhX",
      "sentence_index": 2,
      "text": "The most popular approach to doing this has been evolutionary methods which work by evolving morphology of agents in a feed-forward manner using a propagation and mutation rules.",
      "suffix": "",
      "review_action": "arg_structuring",
      "fine_review_action": "arg-structuring_summary",
      "aspect": "none",
      "polarity": "none"
    },
    {
      "review_id": "rJxUPOqhhX",
      "sentence_index": 3,
      "text": "This is a non-differentiable process and relies on maintaining a large pool of candidates out of which best ones are chosen with the highest fitness.",
      "suffix": "",
      "review_action": "arg_structuring",
      "fine_review_action": "arg-structuring_summary",
      "aspect": "none",
      "polarity": "none"
    },
    {
      "review_id": "rJxUPOqhhX",
      "sentence_index": 4,
      "text": "In robot design for a given task using rewards, training each robot design using RL with rewards is an expensive process and not scalable.",
      "suffix": "",
      "review_action": "arg_structuring",
      "fine_review_action": "arg-structuring_summary",
      "aspect": "none",
      "polarity": "none"
    },
    {
      "review_id": "rJxUPOqhhX",
      "sentence_index": 5,
      "text": "This paper uses graph network to train each morphology using RL.",
      "suffix": "",
      "review_action": "arg_structuring",
      "fine_review_action": "arg-structuring_summary",
      "aspect": "none",
      "polarity": "none"
    },
    {
      "review_id": "rJxUPOqhhX",
      "sentence_index": 6,
      "text": "Thereby, allowing the controller to share parameters and reuse information across generations.",
      "suffix": "",
      "review_action": "arg_structuring",
      "fine_review_action": "arg-structuring_summary",
      "aspect": "none",
      "polarity": "none"
    },
    {
      "review_id": "rJxUPOqhhX",
      "sentence_index": 7,
      "text": "This expedites the score function evaluation improving the time complexity of the evolutionary process.",
      "suffix": "\n\n",
      "review_action": "arg_structuring",
      "fine_review_action": "arg-structuring_summary",
      "aspect": "none",
      "polarity": "none"
    },
    {
      "review_id": "rJxUPOqhhX",
      "sentence_index": 8,
      "text": "[Strengths]:",
      "suffix": "\n",
      "review_action": "arg_structuring",
      "fine_review_action": "arg-structuring_heading",
      "aspect": "none",
      "polarity": "none"
    },
    {
      "review_id": "rJxUPOqhhX",
      "sentence_index": 9,
      "text": "This paper shows some promise when graph network-based controllers augmented with evolutionary algorithms.",
      "suffix": "",
      "review_action": "arg_evaluative",
      "fine_review_action": "none",
      "aspect": "asp_motivation-impact",
      "polarity": "pol_positive"
    },
    {
      "review_id": "rJxUPOqhhX",
      "sentence_index": 10,
      "text": "Paper is quite easy to follow.",
      "suffix": "\n\n",
      "review_action": "arg_evaluative",
      "fine_review_action": "none",
      "aspect": "asp_clarity",
      "polarity": "pol_positive"
    },
    {
      "review_id": "rJxUPOqhhX",
      "sentence_index": 11,
      "text": "[Weaknesses and Clarifications]:",
      "suffix": "\n",
      "review_action": "arg_structuring",
      "fine_review_action": "arg-structuring_heading",
      "aspect": "none",
      "polarity": "none"
    },
    {
      "review_id": "rJxUPOqhhX",
      "sentence_index": 12,
      "text": "=> Robot design area has been explored extensively in classical work of Sims (1994) etc. using ES.",
      "suffix": "",
      "review_action": "arg_fact",
      "fine_review_action": "none",
      "aspect": "none",
      "polarity": "none"
    },
    {
      "review_id": "rJxUPOqhhX",
      "sentence_index": 13,
      "text": "Given that, the novelty of the paper is fairly incremental as it uses NerveNet to evaluate fitness and ES for the main design search.",
      "suffix": "\n",
      "review_action": "arg_evaluative",
      "fine_review_action": "none",
      "aspect": "asp_originality",
      "polarity": "pol_negative"
    },
    {
      "review_id": "rJxUPOqhhX",
      "sentence_index": 14,
      "text": "=> Environment: The experimental section of the paper can be further improved.",
      "suffix": "",
      "review_action": "arg_request",
      "fine_review_action": "arg-request_experiment",
      "aspect": "asp_substance",
      "polarity": "pol_negative"
    },
    {
      "review_id": "rJxUPOqhhX",
      "sentence_index": 15,
      "text": "The approach is evaluated only in three cases: fish, walker, cheetah. Can it be applied to more complex morphologies? Humanoid etc. maybe?",
      "suffix": "\n",
      "review_action": "arg_request",
      "fine_review_action": "arg-request_experiment",
      "aspect": "asp_clarity",
      "polarity": "none"
    },
    {
      "review_id": "rJxUPOqhhX",
      "sentence_index": 16,
      "text": "=> Baselines: The comparison provided in the paper is weak.",
      "suffix": "",
      "review_action": "arg_evaluative",
      "fine_review_action": "none",
      "aspect": "asp_meaningful-comparison",
      "polarity": "pol_negative"
    },
    {
      "review_id": "rJxUPOqhhX",
      "sentence_index": 17,
      "text": "At first, it compares to random graph search and ES.",
      "suffix": "",
      "review_action": "arg_structuring",
      "fine_review_action": "arg-structuring_quote",
      "aspect": "none",
      "polarity": "none"
    },
    {
      "review_id": "rJxUPOqhhX",
      "sentence_index": 18,
      "text": "But there are better baselines possible.",
      "suffix": "",
      "review_action": "arg_evaluative",
      "fine_review_action": "none",
      "aspect": "asp_meaningful-comparison",
      "polarity": "pol_negative"
    },
    {
      "review_id": "rJxUPOqhhX",
      "sentence_index": 19,
      "text": "One such example would be to have a network for each body part and share parameters across each body part.",
      "suffix": "",
      "review_action": "arg_fact",
      "fine_review_action": "none",
      "aspect": "none",
      "polarity": "none"
    },
    {
      "review_id": "rJxUPOqhhX",
      "sentence_index": 20,
      "text": "This network takes some identifying information (ID, shape etc.) about body part as input.",
      "suffix": "",
      "review_action": "arg_fact",
      "fine_review_action": "none",
      "aspect": "none",
      "polarity": "none"
    },
    {
      "review_id": "rJxUPOqhhX",
      "sentence_index": 21,
      "text": "As more body parts are added, more such network modules can be added.",
      "suffix": "",
      "review_action": "arg_fact",
      "fine_review_action": "none",
      "aspect": "none",
      "polarity": "none"
    },
    {
      "review_id": "rJxUPOqhhX",
      "sentence_index": 22,
      "text": "How would the given graph network compare to this?",
      "suffix": "",
      "review_action": "arg_request",
      "fine_review_action": "arg-request_explanation",
      "aspect": "asp_soundness-correctness",
      "polarity": "pol_negative"
    },
    {
      "review_id": "rJxUPOqhhX",
      "sentence_index": 23,
      "text": "This baseline can be thought of a shared parameter graph with no message passing.",
      "suffix": "\n",
      "review_action": "arg_fact",
      "fine_review_action": "none",
      "aspect": "none",
      "polarity": "none"
    },
    {
      "review_id": "rJxUPOqhhX",
      "sentence_index": 24,
      "text": "=> The results shown in Figure-4 (Section-4.2) seems unclear to me.",
      "suffix": "",
      "review_action": "arg_evaluative",
      "fine_review_action": "none",
      "aspect": "asp_clarity",
      "polarity": "pol_negative"
    },
    {
      "review_id": "rJxUPOqhhX",
      "sentence_index": 25,
      "text": "As far as I understand, the model starts with hand-engineered design and then finetuned using evolutionary process.",
      "suffix": "",
      "review_action": "arg_structuring",
      "fine_review_action": "arg-structuring_summary",
      "aspect": "none",
      "polarity": "none"
    },
    {
      "review_id": "rJxUPOqhhX",
      "sentence_index": 26,
      "text": "However, the original performance of the hand-engineered design is surprisingly bad (see first data point in any plot in Figure-4).",
      "suffix": "",
      "review_action": "arg_evaluative",
      "fine_review_action": "none",
      "aspect": "asp_soundness-correctness",
      "polarity": "pol_negative"
    },
    {
      "review_id": "rJxUPOqhhX",
      "sentence_index": 27,
      "text": "Does the controller also start from scratch? If so, why? Also, it is not clear what is the meaning of generations if the graph is fixed, can't it be learned altogether at once?",
      "suffix": "\n\n",
      "review_action": "arg_request",
      "fine_review_action": "arg-request_explanation",
      "aspect": "asp_soundness-correctness",
      "polarity": "pol_negative"
    },
    {
      "review_id": "rJxUPOqhhX",
      "sentence_index": 28,
      "text": "[Recommendation]:",
      "suffix": "\n",
      "review_action": "arg_structuring",
      "fine_review_action": "arg-structuring_heading",
      "aspect": "none",
      "polarity": "none"
    },
    {
      "review_id": "rJxUPOqhhX",
      "sentence_index": 29,
      "text": "I request the authors to address the comments raised above.",
      "suffix": "",
      "review_action": "arg_structuring",
      "fine_review_action": "arg-structuring_quote",
      "aspect": "none",
      "polarity": "none"
    },
    {
      "review_id": "rJxUPOqhhX",
      "sentence_index": 30,
      "text": "Overall, this is a reasonable paper but experimental section needs much more attention.",
      "suffix": "",
      "review_action": "arg_evaluative",
      "fine_review_action": "none",
      "aspect": "asp_soundness-correctness",
      "polarity": "pol_negative"
    }
  ],
  "rebuttal_sentences": [
    {
      "review_id": "rJxUPOqhhX",
      "rebuttal_id": "BkeBMdpg07",
      "sentence_index": 0,
      "text": "We thank the reviewer for the suggestions.",
      "suffix": "\n\n",
      "rebuttal_stance": "nonarg",
      "rebuttal_action": "rebuttal_social",
      "alignment": [
        "context_global",
        null
      ],
      "details": {}
    },
    {
      "review_id": "rJxUPOqhhX",
      "rebuttal_id": "BkeBMdpg07",
      "sentence_index": 1,
      "text": "Q1: Robot design were explored in (Sims, 1994) etc. The novelty of the paper is fairly incremental.",
      "suffix": "\n\n",
      "rebuttal_stance": "nonarg",
      "rebuttal_action": "rebuttal_structuring",
      "alignment": [
        "context_sentences",
        [
          12,
          13
        ]
      ],
      "details": {}
    },
    {
      "review_id": "rJxUPOqhhX",
      "rebuttal_id": "BkeBMdpg07",
      "sentence_index": 2,
      "text": "We respectfully disagree and believe our contributions are significant.",
      "suffix": "",
      "rebuttal_stance": "dispute",
      "rebuttal_action": "rebuttal_reject-criticism",
      "alignment": [
        "context_sentences",
        [
          12,
          13
        ]
      ],
      "details": {}
    },
    {
      "review_id": "rJxUPOqhhX",
      "rebuttal_id": "BkeBMdpg07",
      "sentence_index": 3,
      "text": "We note that only NGE among all the baselines has the ability to optimize both the graph G and the controller parameters.",
      "suffix": "",
      "rebuttal_stance": "dispute",
      "rebuttal_action": "rebuttal_reject-criticism",
      "alignment": [
        "context_sentences",
        [
          12,
          13
        ]
      ],
      "details": {}
    },
    {
      "review_id": "rJxUPOqhhX",
      "rebuttal_id": "BkeBMdpg07",
      "sentence_index": 4,
      "text": "Graph neural network formulation is KEY here, enabling it to perform this efficient policy transfer.",
      "suffix": "",
      "rebuttal_stance": "dispute",
      "rebuttal_action": "rebuttal_reject-criticism",
      "alignment": [
        "context_sentences",
        [
          12,
          13
        ]
      ],
      "details": {}
    },
    {
      "review_id": "rJxUPOqhhX",
      "rebuttal_id": "BkeBMdpg07",
      "sentence_index": 5,
      "text": "To the best of our knowledge, the traditional methods (such as (Sims, 1994)) require re-optimizing parameters of the controllers from scratch for each different topologies, which is computationally demanding and breaks the joint-optimization.",
      "suffix": "\n\n",
      "rebuttal_stance": "dispute",
      "rebuttal_action": "rebuttal_reject-criticism",
      "alignment": [
        "context_sentences",
        [
          12,
          13
        ]
      ],
      "details": {}
    },
    {
      "review_id": "rJxUPOqhhX",
      "rebuttal_id": "BkeBMdpg07",
      "sentence_index": 6,
      "text": "To further showcase our work with respect to prior art, we added (Sims, 1994) as an additional baseline in the latest revision.",
      "suffix": "",
      "rebuttal_stance": "dispute",
      "rebuttal_action": "rebuttal_reject-criticism",
      "alignment": [
        "context_sentences",
        [
          12,
          13
        ]
      ],
      "details": {}
    },
    {
      "review_id": "rJxUPOqhhX",
      "rebuttal_id": "BkeBMdpg07",
      "sentence_index": 7,
      "text": "We refer the reviewer to the general response for details.",
      "suffix": "",
      "rebuttal_stance": "nonarg",
      "rebuttal_action": "rebuttal_structuring",
      "alignment": [
        "context_sentences",
        [
          12,
          13
        ]
      ],
      "details": {}
    },
    {
      "review_id": "rJxUPOqhhX",
      "rebuttal_id": "BkeBMdpg07",
      "sentence_index": 8,
      "text": "NGE has about 2x performance of (Sims, 1994) in both fish and walker environments.",
      "suffix": "",
      "rebuttal_stance": "nonarg",
      "rebuttal_action": "rebuttal_summary",
      "alignment": [
        "context_sentences",
        [
          12,
          13
        ]
      ],
      "details": {}
    },
    {
      "review_id": "rJxUPOqhhX",
      "rebuttal_id": "BkeBMdpg07",
      "sentence_index": 9,
      "text": "Moreover, we argue the videos of (Sims, 1994) might be confusing as it mixes the results of policy evolution from human-designed robots and structure evolution.",
      "suffix": "\n\n",
      "rebuttal_stance": "dispute",
      "rebuttal_action": "rebuttal_reject-criticism",
      "alignment": [
        "context_sentences",
        [
          12,
          13
        ]
      ],
      "details": {}
    },
    {
      "review_id": "rJxUPOqhhX",
      "rebuttal_id": "BkeBMdpg07",
      "sentence_index": 10,
      "text": "Q2: Can it be applied to more complex morphologies?",
      "suffix": "",
      "rebuttal_stance": "nonarg",
      "rebuttal_action": "rebuttal_structuring",
      "alignment": [
        "context_sentences",
        [
          14,
          15
        ]
      ],
      "details": {}
    },
    {
      "review_id": "rJxUPOqhhX",
      "rebuttal_id": "BkeBMdpg07",
      "sentence_index": 11,
      "text": "Humanoid etc.",
      "suffix": "",
      "rebuttal_stance": "nonarg",
      "rebuttal_action": "rebuttal_structuring",
      "alignment": [
        "context_sentences",
        [
          14,
          15
        ]
      ],
      "details": {}
    },
    {
      "review_id": "rJxUPOqhhX",
      "rebuttal_id": "BkeBMdpg07",
      "sentence_index": 12,
      "text": "maybe?",
      "suffix": "\n",
      "rebuttal_stance": "nonarg",
      "rebuttal_action": "rebuttal_structuring",
      "alignment": [
        "context_sentences",
        [
          14,
          15
        ]
      ],
      "details": {}
    },
    {
      "review_id": "rJxUPOqhhX",
      "rebuttal_id": "BkeBMdpg07",
      "sentence_index": 13,
      "text": "NGE can be applied to evolve humanoids, however, there are two major difficulties in doing that in practice.",
      "suffix": "\n",
      "rebuttal_stance": "concur",
      "rebuttal_action": "rebuttal_answer",
      "alignment": [
        "context_sentences",
        [
          14,
          15
        ]
      ],
      "details": {}
    },
    {
      "review_id": "rJxUPOqhhX",
      "rebuttal_id": "BkeBMdpg07",
      "sentence_index": 14,
      "text": "1. Training humanoid controllers is of orders of magnitude more difficult than training cheetah (Schulman, 2017).",
      "suffix": "\n",
      "rebuttal_stance": "concur",
      "rebuttal_action": "rebuttal_answer",
      "alignment": [
        "context_sentences",
        [
          14,
          15
        ]
      ],
      "details": {}
    },
    {
      "review_id": "rJxUPOqhhX",
      "rebuttal_id": "BkeBMdpg07",
      "sentence_index": 15,
      "text": "2. To evolve realistic humanoid structure (e.g. hands, symmetrical limbs), one would need to have more realistic environments that better reflect tasks and complexity in the real world.",
      "suffix": "\n",
      "rebuttal_stance": "concur",
      "rebuttal_action": "rebuttal_answer",
      "alignment": [
        "context_sentences",
        [
          14,
          15
        ]
      ],
      "details": {}
    },
    {
      "review_id": "rJxUPOqhhX",
      "rebuttal_id": "BkeBMdpg07",
      "sentence_index": 16,
      "text": "However, we agree that this is a very interesting direction for the future.",
      "suffix": "\n\n",
      "rebuttal_stance": "concur",
      "rebuttal_action": "rebuttal_future",
      "alignment": [
        "context_sentences",
        [
          14,
          15
        ]
      ],
      "details": {}
    },
    {
      "review_id": "rJxUPOqhhX",
      "rebuttal_id": "BkeBMdpg07",
      "sentence_index": 17,
      "text": "Q3: Comparison to more baseline, for example models with no message passing.",
      "suffix": "\n\n",
      "rebuttal_stance": "nonarg",
      "rebuttal_action": "rebuttal_structuring",
      "alignment": [
        "context_sentences",
        [
          16,
          18,
          19,
          20,
          21,
          22,
          23
        ]
      ],
      "details": {}
    },
    {
      "review_id": "rJxUPOqhhX",
      "rebuttal_id": "BkeBMdpg07",
      "sentence_index": 18,
      "text": "We thank the reviewer for pointing out the baseline of no message passing in GNN, which we named as ESS-BodyShare.",
      "suffix": "\n\n",
      "rebuttal_stance": "concur",
      "rebuttal_action": "rebuttal_concede-criticism",
      "alignment": [
        "context_sentences",
        [
          16,
          18,
          19,
          20,
          21,
          22,
          23
        ]
      ],
      "details": {}
    },
    {
      "review_id": "rJxUPOqhhX",
      "rebuttal_id": "BkeBMdpg07",
      "sentence_index": 19,
      "text": "In the latest revision, we have 5 baselines from previous research and modern variants, which further showcases the significance of our work.",
      "suffix": "",
      "rebuttal_stance": "concur",
      "rebuttal_action": "rebuttal_done",
      "alignment": [
        "context_sentences",
        [
          16,
          18,
          19,
          20,
          21,
          22,
          23
        ]
      ],
      "details": {
        "request_out_of_scope": true
      }
    },
    {
      "review_id": "rJxUPOqhhX",
      "rebuttal_id": "BkeBMdpg07",
      "sentence_index": 20,
      "text": "In general, NGE has significant improvement both quantitatively and qualitatively.",
      "suffix": "",
      "rebuttal_stance": "concur",
      "rebuttal_action": "rebuttal_answer",
      "alignment": [
        "context_sentences",
        [
          16,
          18,
          19,
          20,
          21,
          22,
          23
        ]
      ],
      "details": {}
    },
    {
      "review_id": "rJxUPOqhhX",
      "rebuttal_id": "BkeBMdpg07",
      "sentence_index": 21,
      "text": "We refer the reviewer to the general response for further information.",
      "suffix": "\n\n",
      "rebuttal_stance": "nonarg",
      "rebuttal_action": "rebuttal_structuring",
      "alignment": [
        "context_sentences",
        [
          16,
          18,
          19,
          20,
          21,
          22,
          23
        ]
      ],
      "details": {}
    },
    {
      "review_id": "rJxUPOqhhX",
      "rebuttal_id": "BkeBMdpg07",
      "sentence_index": 22,
      "text": "Specifically for ESS-BodyShare baseline:",
      "suffix": "\n",
      "rebuttal_stance": "nonarg",
      "rebuttal_action": "rebuttal_structuring",
      "alignment": [
        "context_sentences",
        [
          16,
          18,
          19,
          20,
          21,
          22,
          23
        ]
      ],
      "details": {}
    },
    {
      "review_id": "rJxUPOqhhX",
      "rebuttal_id": "BkeBMdpg07",
      "sentence_index": 23,
      "text": "|",
      "suffix": "",
      "rebuttal_stance": "nonarg",
      "rebuttal_action": "rebuttal_summary",
      "alignment": [
        "context_sentences",
        [
          16,
          18,
          19,
          20,
          21,
          22,
          23
        ]
      ],
      "details": {}
    },
    {
      "review_id": "rJxUPOqhhX",
      "rebuttal_id": "BkeBMdpg07",
      "sentence_index": 24,
      "text": "NGE     | ESS-BodyShare",
      "suffix": "\n",
      "rebuttal_stance": "nonarg",
      "rebuttal_action": "rebuttal_summary",
      "alignment": [
        "context_sentences",
        [
          16,
          18,
          19,
          20,
          21,
          22,
          23
        ]
      ],
      "details": {}
    },
    {
      "review_id": "rJxUPOqhhX",
      "rebuttal_id": "BkeBMdpg07",
      "sentence_index": 25,
      "text": "fish         |  70.21   |  54.97",
      "suffix": "",
      "rebuttal_stance": "nonarg",
      "rebuttal_action": "rebuttal_summary",
      "alignment": [
        "context_sentences",
        [
          16,
          18,
          19,
          20,
          21,
          22,
          23
        ]
      ],
      "details": {}
    },
    {
      "review_id": "rJxUPOqhhX",
      "rebuttal_id": "BkeBMdpg07",
      "sentence_index": 26,
      "text": "(78.3% of NGE)",
      "suffix": "\n",
      "rebuttal_stance": "nonarg",
      "rebuttal_action": "rebuttal_summary",
      "alignment": [
        "context_sentences",
        [
          16,
          18,
          19,
          20,
          21,
          22,
          23
        ]
      ],
      "details": {}
    },
    {
      "review_id": "rJxUPOqhhX",
      "rebuttal_id": "BkeBMdpg07",
      "sentence_index": 27,
      "text": "Walker   |",
      "suffix": "",
      "rebuttal_stance": "nonarg",
      "rebuttal_action": "rebuttal_summary",
      "alignment": [
        "context_sentences",
        [
          16,
          18,
          19,
          20,
          21,
          22,
          23
        ]
      ],
      "details": {}
    },
    {
      "review_id": "rJxUPOqhhX",
      "rebuttal_id": "BkeBMdpg07",
      "sentence_index": 28,
      "text": "4157.9 |   2185.1 (52.5% of NGE)",
      "suffix": "\n\n",
      "rebuttal_stance": "nonarg",
      "rebuttal_action": "rebuttal_summary",
      "alignment": [
        "context_sentences",
        [
          16,
          18,
          19,
          20,
          21,
          22,
          23
        ]
      ],
      "details": {}
    },
    {
      "review_id": "rJxUPOqhhX",
      "rebuttal_id": "BkeBMdpg07",
      "sentence_index": 29,
      "text": "In environment where global information is needed (for example, walker with multiple rigid body contact), the performance is jeopardized. But in an easier environment, message passing is less needed.",
      "suffix": "\n\n\n",
      "rebuttal_stance": "concur",
      "rebuttal_action": "rebuttal_answer",
      "alignment": [
        "context_sentences",
        [
          16,
          18,
          19,
          20,
          21,
          22,
          23
        ]
      ],
      "details": {}
    },
    {
      "review_id": "rJxUPOqhhX",
      "rebuttal_id": "BkeBMdpg07",
      "sentence_index": 30,
      "text": "Q4: Clarification of Figure-4 (Section-4.2)",
      "suffix": "\n\n",
      "rebuttal_stance": "nonarg",
      "rebuttal_action": "rebuttal_structuring",
      "alignment": [
        "context_sentences",
        [
          24,
          25,
          26,
          27
        ]
      ],
      "details": {}
    },
    {
      "review_id": "rJxUPOqhhX",
      "rebuttal_id": "BkeBMdpg07",
      "sentence_index": 31,
      "text": "Our aim was to show that in the case where the human-engineered topology needs to be preserved, it is better to co-evolve the attributes and controllers with NGE rather than only training the controllers (controllers are trained from scratch for both NGE and baselines).",
      "suffix": "\n\n",
      "rebuttal_stance": "concur",
      "rebuttal_action": "rebuttal_answer",
      "alignment": [
        "context_sentences",
        [
          24,
          25,
          26,
          27
        ]
      ],
      "details": {}
    },
    {
      "review_id": "rJxUPOqhhX",
      "rebuttal_id": "BkeBMdpg07",
      "sentence_index": 32,
      "text": "The x-axis was scaled according to the number of updates.",
      "suffix": "",
      "rebuttal_stance": "concur",
      "rebuttal_action": "rebuttal_answer",
      "alignment": [
        "context_sentences",
        [
          24,
          25,
          26,
          27
        ]
      ],
      "details": {}
    },
    {
      "review_id": "rJxUPOqhhX",
      "rebuttal_id": "BkeBMdpg07",
      "sentence_index": 33,
      "text": "We apologize for the lack of clarity.",
      "suffix": "",
      "rebuttal_stance": "concur",
      "rebuttal_action": "rebuttal_concede-criticism",
      "alignment": [
        "context_sentences",
        [
          24,
          25,
          26,
          27
        ]
      ],
      "details": {}
    },
    {
      "review_id": "rJxUPOqhhX",
      "rebuttal_id": "BkeBMdpg07",
      "sentence_index": 34,
      "text": "We revised the x-axis from \u201cgenerations\u201d to parameter \u201cupdates\u201d in the latest revision.",
      "suffix": "\n\n",
      "rebuttal_stance": "concur",
      "rebuttal_action": "rebuttal_done",
      "alignment": [
        "context_sentences",
        [
          24,
          25,
          26,
          27
        ]
      ],
      "details": {
        "request_out_of_scope": true
      }
    },
    {
      "review_id": "rJxUPOqhhX",
      "rebuttal_id": "BkeBMdpg07",
      "sentence_index": 35,
      "text": "In the latest revision, we also included the curve where the topologies are allowed to be changed, which leads to better performance, but does not necessarily preserve the initial structure.",
      "suffix": "\n\n",
      "rebuttal_stance": "concur",
      "rebuttal_action": "rebuttal_done",
      "alignment": [
        "context_sentences",
        [
          24,
          25,
          26,
          27
        ]
      ],
      "details": {
        "request_out_of_scope": true
      }
    },
    {
      "review_id": "rJxUPOqhhX",
      "rebuttal_id": "BkeBMdpg07",
      "sentence_index": 36,
      "text": "Schulman, 2017. \"Proximal policy optimization algorithms.\" arXiv preprint arXiv:1707.06347 (2017).",
      "suffix": "",
      "rebuttal_stance": "nonarg",
      "rebuttal_action": "rebuttal_other",
      "alignment": [
        "context_in-rebuttal",
        null
      ],
      "details": {}
    }
  ]
}