{
  "metadata": {
    "forum_id": "SklOypVKvS",
    "review_id": "SJxb8_g0FS",
    "rebuttal_id": "HkltWhSyjB",
    "title": "A Data-Efficient Mutual Information Neural Estimator for Statistical Dependency Testing",
    "reviewer": "AnonReviewer1",
    "rating": 6,
    "conference": "ICLR2020",
    "permalink": "https://openreview.net/forum?id=SklOypVKvS&noteId=HkltWhSyjB",
    "annotator": "anno13"
  },
  "review_sentences": [
    {
      "review_id": "SJxb8_g0FS",
      "sentence_index": 0,
      "text": "The paper proposes a neural-network-based estimation of mutual information, following the earlier line of work in [A].",
      "suffix": "",
      "review_action": "arg_structuring",
      "fine_review_action": "arg-structuring_summary",
      "aspect": "none",
      "polarity": "none"
    },
    {
      "review_id": "SJxb8_g0FS",
      "sentence_index": 1,
      "text": "The main focus has been to develop an estimator that can reliably work with small dataset sizes.",
      "suffix": "",
      "review_action": "arg_structuring",
      "fine_review_action": "arg-structuring_summary",
      "aspect": "none",
      "polarity": "none"
    },
    {
      "review_id": "SJxb8_g0FS",
      "sentence_index": 2,
      "text": "They first reduce the sample complexity of estimating mutual information by decoupling the network learning problem and the estimation problem by creating a training and validation set and then using the validation set for estimating mutual information.",
      "suffix": "",
      "review_action": "arg_structuring",
      "fine_review_action": "arg-structuring_summary",
      "aspect": "none",
      "polarity": "none"
    },
    {
      "review_id": "SJxb8_g0FS",
      "sentence_index": 3,
      "text": "Of course, there is still the problem of learning the network with smaller sized data.",
      "suffix": "",
      "review_action": "arg_structuring",
      "fine_review_action": "arg-structuring_summary",
      "aspect": "none",
      "polarity": "none"
    },
    {
      "review_id": "SJxb8_g0FS",
      "sentence_index": 4,
      "text": "For this, they propose the strategy of creating multiple tasks from the same dataset, where the dataset is run through transformations that do not affect mutual information.",
      "suffix": "\n\n",
      "review_action": "arg_structuring",
      "fine_review_action": "arg-structuring_summary",
      "aspect": "none",
      "polarity": "none"
    },
    {
      "review_id": "SJxb8_g0FS",
      "sentence_index": 5,
      "text": "I am inclined to accept (weak) the paper for the following reasons:",
      "suffix": "\n",
      "review_action": "arg_structuring",
      "fine_review_action": "arg-structuring_heading",
      "aspect": "none",
      "polarity": "none"
    },
    {
      "review_id": "SJxb8_g0FS",
      "sentence_index": 6,
      "text": "1. The paper uses some nice ideas to reduce the variance of the MI estimates and to be able to work with smaller dataset sizes.",
      "suffix": "",
      "review_action": "arg_evaluative",
      "fine_review_action": "none",
      "aspect": "asp_originality",
      "polarity": "pol_positive"
    },
    {
      "review_id": "SJxb8_g0FS",
      "sentence_index": 7,
      "text": "Both splitting data into training and validation and then using task augmentation to make learning robust are pretty nice ideas.",
      "suffix": "\n",
      "review_action": "arg_evaluative",
      "fine_review_action": "none",
      "aspect": "asp_originality",
      "polarity": "pol_positive"
    },
    {
      "review_id": "SJxb8_g0FS",
      "sentence_index": 8,
      "text": "2. The results on the synthetic datasets show that the resulting estimator does have low variance and the estimates are less than or equal to the true MI value, which is consistent with the fact that it is a lower bound estimation.",
      "suffix": "\n",
      "review_action": "arg_evaluative",
      "fine_review_action": "none",
      "aspect": "asp_soundness-correctness",
      "polarity": "pol_positive"
    },
    {
      "review_id": "SJxb8_g0FS",
      "sentence_index": 9,
      "text": "3. The results on fMRI dataset were interesting and showed that the method gives improvements over baselines were the estimates were made on a smaller sized dataset.",
      "suffix": "\n\n",
      "review_action": "arg_evaluative",
      "fine_review_action": "none",
      "aspect": "asp_substance",
      "polarity": "pol_positive"
    },
    {
      "review_id": "SJxb8_g0FS",
      "sentence_index": 10,
      "text": "Some improvement suggestions:",
      "suffix": "\n",
      "review_action": "arg_structuring",
      "fine_review_action": "arg-structuring_heading",
      "aspect": "none",
      "polarity": "none"
    },
    {
      "review_id": "SJxb8_g0FS",
      "sentence_index": 11,
      "text": "1. I don't see why MINE cannot be applied to the fMRI dataset and results be reported.",
      "suffix": "",
      "review_action": "arg_request",
      "fine_review_action": "arg-request_explanation",
      "aspect": "asp_substance",
      "polarity": "none"
    },
    {
      "review_id": "SJxb8_g0FS",
      "sentence_index": 12,
      "text": "I know that the variance in estimation is large, but it would still be useful to look at the performance of MINE in comparison to DEMINE.",
      "suffix": "\n",
      "review_action": "arg_other",
      "fine_review_action": "none",
      "aspect": "none",
      "polarity": "none"
    },
    {
      "review_id": "SJxb8_g0FS",
      "sentence_index": 13,
      "text": "2. There are several errors in the writing - hyperparamters in Abstract, repetition of the word \"Section\" in fMRI experiment section etc. - which needs to be fixed.",
      "suffix": "\n\n",
      "review_action": "arg_request",
      "fine_review_action": "arg-request_edit",
      "aspect": "asp_clarity",
      "polarity": "none"
    },
    {
      "review_id": "SJxb8_g0FS",
      "sentence_index": 14,
      "text": "[A] Mutual Information Neural Estimation, ICML 2018",
      "suffix": "",
      "review_action": "arg_other",
      "fine_review_action": "none",
      "aspect": "none",
      "polarity": "none"
    }
  ],
  "rebuttal_sentences": [
    {
      "review_id": "SJxb8_g0FS",
      "rebuttal_id": "HkltWhSyjB",
      "sentence_index": 0,
      "text": "Thank you for the detailed review.",
      "suffix": "",
      "rebuttal_stance": "nonarg",
      "rebuttal_action": "rebuttal_social",
      "alignment": [
        "context_global",
        null
      ],
      "details": {}
    },
    {
      "review_id": "SJxb8_g0FS",
      "rebuttal_id": "HkltWhSyjB",
      "sentence_index": 1,
      "text": "We appreciate your comments on the contributions of our work and invaluable suggestions to improving our paper.",
      "suffix": "",
      "rebuttal_stance": "nonarg",
      "rebuttal_action": "rebuttal_social",
      "alignment": [
        "context_global",
        null
      ],
      "details": {}
    },
    {
      "review_id": "SJxb8_g0FS",
      "rebuttal_id": "HkltWhSyjB",
      "sentence_index": 2,
      "text": "Before delving into the details and providing a more detailed rebuttal, here are some of our initial thoughts.",
      "suffix": "\n\n",
      "rebuttal_stance": "nonarg",
      "rebuttal_action": "rebuttal_structuring",
      "alignment": [
        "context_in-rebuttal",
        null
      ],
      "details": {}
    },
    {
      "review_id": "SJxb8_g0FS",
      "rebuttal_id": "HkltWhSyjB",
      "sentence_index": 3,
      "text": "Regarding comparison with MINE on fMRI dataset, MINE could be applied to fMRI data for MI analysis.",
      "suffix": "",
      "rebuttal_stance": "nonarg",
      "rebuttal_action": "rebuttal_structuring",
      "alignment": [
        "context_sentences",
        [
          11,
          12
        ]
      ],
      "details": {}
    },
    {
      "review_id": "SJxb8_g0FS",
      "rebuttal_id": "HkltWhSyjB",
      "sentence_index": 4,
      "text": "After all, our DEMINE-vr is simply MINE under cross-validation.",
      "suffix": "",
      "rebuttal_stance": "concur",
      "rebuttal_action": "rebuttal_answer",
      "alignment": [
        "context_sentences",
        [
          11,
          12
        ]
      ],
      "details": {}
    },
    {
      "review_id": "SJxb8_g0FS",
      "rebuttal_id": "HkltWhSyjB",
      "sentence_index": 5,
      "text": "Our first guess is that MINE will not be able to identify significant dependency in Table.1 due to large confidence intervals, i.e, the rows and cols for MINE will be all 0s.",
      "suffix": "",
      "rebuttal_stance": "concur",
      "rebuttal_action": "rebuttal_answer",
      "alignment": [
        "context_sentences",
        [
          11,
          12
        ]
      ],
      "details": {}
    },
    {
      "review_id": "SJxb8_g0FS",
      "rebuttal_id": "HkltWhSyjB",
      "sentence_index": 6,
      "text": "For segment classification, MINE-f-ES uses the same model architecture and training process as DEMINE-vr and uses hyper parameters from DEMINE-vr hyperparameter search, and will provide identical segment classification accuracy as DEMINE-vr.",
      "suffix": "\n\n",
      "rebuttal_stance": "concur",
      "rebuttal_action": "rebuttal_answer",
      "alignment": [
        "context_sentences",
        [
          11,
          12
        ]
      ],
      "details": {}
    },
    {
      "review_id": "SJxb8_g0FS",
      "rebuttal_id": "HkltWhSyjB",
      "sentence_index": 7,
      "text": "Thanks again for pointing out the typos, we'll post an updated version shortly.",
      "suffix": "",
      "rebuttal_stance": "concur",
      "rebuttal_action": "rebuttal_by-cr",
      "alignment": [
        "context_sentences",
        [
          13
        ]
      ],
      "details": {
        "manuscript_change": true
      }
    }
  ]
}