{
  "metadata": {
    "forum_id": "S1lvn0NtwH",
    "review_id": "SkedBT5ntB",
    "rebuttal_id": "HkeodF7qir",
    "title": "Mutual Exclusivity as a Challenge for Deep Neural Networks",
    "reviewer": "AnonReviewer3",
    "rating": 6,
    "conference": "ICLR2020",
    "permalink": "https://openreview.net/forum?id=S1lvn0NtwH&noteId=HkeodF7qir",
    "annotator": "anno3"
  },
  "review_sentences": [
    {
      "review_id": "SkedBT5ntB",
      "sentence_index": 0,
      "text": "*** Increased to weak accept after discussion of merits of ME bias was improved in the paper ***",
      "suffix": "\n\n",
      "review_action": "arg_fact",
      "fine_review_action": "none",
      "aspect": "none",
      "polarity": "none"
    },
    {
      "review_id": "SkedBT5ntB",
      "sentence_index": 1,
      "text": "This paper investigates whether neural networks exhibit a \u2018mutual exclusivity (ME) bias\u2019, whereby novel inputs tend to be associated with previously unseen outputs, an inductive bias that is cited to be present in children when learning to associate new words and objects.",
      "suffix": "",
      "review_action": "arg_structuring",
      "fine_review_action": "arg-structuring_summary",
      "aspect": "none",
      "polarity": "none"
    },
    {
      "review_id": "SkedBT5ntB",
      "sentence_index": 2,
      "text": "Via three different sets of experiments, the authors conclude that, under standard training procedures, neural networks in fact display an anti-ME bias: when faced with a novel input, they tend to assign less probability mass to unobserved outputs than is justified by the incoming data.",
      "suffix": "",
      "review_action": "none",
      "fine_review_action": "none",
      "aspect": "none",
      "polarity": "none"
    },
    {
      "review_id": "SkedBT5ntB",
      "sentence_index": 3,
      "text": "The authors go on to argue that explicitly designing neural networks to reason by mutual exclusivity could lead to faster and more flexible learning.",
      "suffix": "",
      "review_action": "arg_structuring",
      "fine_review_action": "arg-structuring_summary",
      "aspect": "none",
      "polarity": "none"
    },
    {
      "review_id": "SkedBT5ntB",
      "sentence_index": 4,
      "text": "While the experiments across several domains convincingly show the presence of an anti-ME bias in neural network training, I recommend that the paper be rejected because it falls short in demonstrating to what extent performance could be improved by correcting or reversing this bias.",
      "suffix": "",
      "review_action": "arg_evaluative",
      "fine_review_action": "none",
      "aspect": "asp_substance",
      "polarity": "pol_negative"
    },
    {
      "review_id": "SkedBT5ntB",
      "sentence_index": 5,
      "text": "The authors pose an interesting hypothesis, but it would gain a lot of credibility if they could provide an empirical analysis of an algorithm that uses ME reasoning to improve learning in a realistic setting or if they could at least perform some quantitative analysis of the effects of ME bias on task performance for a toy example.",
      "suffix": "\n\n",
      "review_action": "arg_evaluative",
      "fine_review_action": "none",
      "aspect": "asp_motivation-impact",
      "polarity": "pol_positive"
    },
    {
      "review_id": "SkedBT5ntB",
      "sentence_index": 6,
      "text": "Comments / questions:",
      "suffix": "\n",
      "review_action": "arg_structuring",
      "fine_review_action": "arg-structuring_heading",
      "aspect": "none",
      "polarity": "none"
    },
    {
      "review_id": "SkedBT5ntB",
      "sentence_index": 7,
      "text": "* The authors duly acknowledge that ME bias is not necessarily desirable in all circumstances, namely in tasks that feature many-to-one mappings, citing polysemy and synonymy in machine translation as examples.",
      "suffix": "",
      "review_action": "arg_evaluative",
      "fine_review_action": "none",
      "aspect": "asp_substance",
      "polarity": "pol_positive"
    },
    {
      "review_id": "SkedBT5ntB",
      "sentence_index": 8,
      "text": "Without an empirical example in a realistic setting, it is hard to judge whether the benefits of introducing an ME bias for better classification of new inputs belonging to new classes can outweigh the negatives via a potential increase in misclassification of those belonging to old classes.",
      "suffix": "\n",
      "review_action": "arg_evaluative",
      "fine_review_action": "none",
      "aspect": "asp_replicability",
      "polarity": "pol_negative"
    },
    {
      "review_id": "SkedBT5ntB",
      "sentence_index": 9,
      "text": "* For the synthetic dataset one-to-one mapping of one-hot vectors it is clear that an ME bias would incur an advantage for classification on a zero-shot basis, i.e. an increased an accuracy for the first time a new input is observed. Is ME bias considered to be useful here because (i) we care directly about improving this type of zero-shot classification, or is it (ii) because it's implicitly assumed that a better initial prediction will lead to faster learning on these examples?",
      "suffix": "\n",
      "review_action": "arg_request",
      "fine_review_action": "arg-request_explanation",
      "aspect": "asp_substance",
      "polarity": "none"
    },
    {
      "review_id": "SkedBT5ntB",
      "sentence_index": 10,
      "text": "*",
      "suffix": "",
      "review_action": "none",
      "fine_review_action": "none",
      "aspect": "none",
      "polarity": "none"
    },
    {
      "review_id": "SkedBT5ntB",
      "sentence_index": 11,
      "text": "If it is (i) we care about, then it would be useful to quantify the advantage gained either empirically or analytically.",
      "suffix": "",
      "review_action": "none",
      "fine_review_action": "none",
      "aspect": "none",
      "polarity": "none"
    },
    {
      "review_id": "SkedBT5ntB",
      "sentence_index": 12,
      "text": "It\u2019s not obvious to me how useful the ME bias would be when there is a large number of classes since the probability assigned to the true novel class with a perfect ME bias would be 1 / (# unseen classes).",
      "suffix": "",
      "review_action": "arg_evaluative",
      "fine_review_action": "none",
      "aspect": "asp_clarity",
      "polarity": "pol_negative"
    },
    {
      "review_id": "SkedBT5ntB",
      "sentence_index": 13,
      "text": "So at the beginning of training, while there are lots of new classes to benefit from the ME bias, the maximum advantage per example is small, and vice versa at the end of training - how do these conflicting effects balance each other out over the course of training and how do the benefits of ME bias scale with the number of classes?",
      "suffix": "",
      "review_action": "arg_request",
      "fine_review_action": "arg-request_explanation",
      "aspect": "asp_substance",
      "polarity": "none"
    },
    {
      "review_id": "SkedBT5ntB",
      "sentence_index": 14,
      "text": "Presumably, whether the benefit scales well will depend on the loss function - in any case, this warrants some analysis/discussion especially given that there are no experiments to test it.",
      "suffix": "\n",
      "review_action": "arg_evaluative",
      "fine_review_action": "none",
      "aspect": "asp_substance",
      "polarity": "pol_negative"
    },
    {
      "review_id": "SkedBT5ntB",
      "sentence_index": 15,
      "text": "* The authors say that \u201cME can be generalized from applying to 'novel versus familiar\u2019 stimuli to instead handling \u2018rare versus frequent\u2019 stimuli\u201d and they cite the fact that neural networks take longer to learn from rare stimuli, suggesting that ME could help for reason (ii) above.",
      "suffix": "",
      "review_action": "arg_fact",
      "fine_review_action": "none",
      "aspect": "none",
      "polarity": "none"
    },
    {
      "review_id": "SkedBT5ntB",
      "sentence_index": 16,
      "text": "It\u2019s not obvious to me that ME bias will provide a significant advantage in a one-shot or few-shot learning setting - i.e. how useful is having made a better initial guess (which is random amongst the unseen classes) after you gain some specific information about the target class? Perhaps the benefit is small relative to that of the one-shot or few-shot information gained - I think this needs to be quantified empirically.",
      "suffix": "\n",
      "review_action": "arg_evaluative",
      "fine_review_action": "none",
      "aspect": "asp_substance",
      "polarity": "pol_negative"
    },
    {
      "review_id": "SkedBT5ntB",
      "sentence_index": 17,
      "text": "* It would be interesting to see a more detailed analysis of the predictions of the image classifiers in section 4.2.",
      "suffix": "",
      "review_action": "arg_request",
      "fine_review_action": "arg-request_explanation",
      "aspect": "asp_substance",
      "polarity": "none"
    },
    {
      "review_id": "SkedBT5ntB",
      "sentence_index": 18,
      "text": "When a new image is presented, how is the probability mass distributed across previously seen classes versus across unseen ones?",
      "suffix": "",
      "review_action": "none",
      "fine_review_action": "none",
      "aspect": "none",
      "polarity": "none"
    },
    {
      "review_id": "SkedBT5ntB",
      "sentence_index": 19,
      "text": "From a strategic standpoint, in a scenario where it is difficult to determine whether a new image belongs to a new class or not, could it plausibly be more sensible for the network to make a strong prediction on its best guess out of previously seen classes (that it knows more about) rather than a scattered prediction on the unseen classes?",
      "suffix": "",
      "review_action": "none",
      "fine_review_action": "none",
      "aspect": "none",
      "polarity": "none"
    },
    {
      "review_id": "SkedBT5ntB",
      "sentence_index": 20,
      "text": "Admittedly this is a difficult question to quantify, but my point is to question whether the anti-ME bias shown in Figure 6 is necessarily suboptimal, given the difficulty of classifying a new image as a new class or not.",
      "suffix": "\n\n",
      "review_action": "none",
      "fine_review_action": "none",
      "aspect": "none",
      "polarity": "none"
    },
    {
      "review_id": "SkedBT5ntB",
      "sentence_index": 21,
      "text": "Minor comments /questions not affecting review:",
      "suffix": "\n",
      "review_action": "arg_structuring",
      "fine_review_action": "arg-structuring_heading",
      "aspect": "none",
      "polarity": "none"
    },
    {
      "review_id": "SkedBT5ntB",
      "sentence_index": 22,
      "text": "* Is the acronym ME pronounced like the word \u201cme\u201d or is it spelled out \u201cM-E\u201d? If the latter, then all cases of \u201ca ME bias\u201d should be corrected to \u201can ME bias\u201d.",
      "suffix": "\n",
      "review_action": "arg_request",
      "fine_review_action": "arg-request_typo",
      "aspect": "asp_substance",
      "polarity": "none"
    },
    {
      "review_id": "SkedBT5ntB",
      "sentence_index": 23,
      "text": "* Section 4.2 line 3: \u201csample the class [for the] from a power law distribution\"",
      "suffix": "",
      "review_action": "arg_request",
      "fine_review_action": "arg-request_edit",
      "aspect": "asp_substance",
      "polarity": "none"
    }
  ],
  "rebuttal_sentences": [
    {
      "review_id": "SkedBT5ntB",
      "rebuttal_id": "HkeodF7qir",
      "sentence_index": 0,
      "text": "We thank you for your constructive feedback.",
      "suffix": "",
      "rebuttal_stance": "nonarg",
      "rebuttal_action": "rebuttal_social",
      "alignment": [
        "context_global",
        null
      ],
      "details": {}
    },
    {
      "review_id": "SkedBT5ntB",
      "rebuttal_id": "HkeodF7qir",
      "sentence_index": 1,
      "text": "We reply to all reviews in a general response above.",
      "suffix": "",
      "rebuttal_stance": "nonarg",
      "rebuttal_action": "rebuttal_structuring",
      "alignment": [
        "context_in-rebuttal",
        null
      ],
      "details": {}
    }
  ]
}