{
  "metadata": {
    "forum_id": "ryxjH3R5KQ",
    "review_id": "SkgrQMiFhQ",
    "rebuttal_id": "H1lLBiyK0Q",
    "title": "Single Shot Neural Architecture Search Via Direct Sparse Optimization",
    "reviewer": "AnonReviewer3",
    "rating": 6,
    "conference": "ICLR2019",
    "permalink": "https://openreview.net/forum?id=ryxjH3R5KQ&noteId=H1lLBiyK0Q",
    "annotator": "anno10"
  },
  "review_sentences": [
    {
      "review_id": "SkgrQMiFhQ",
      "sentence_index": 0,
      "text": "- Summary",
      "suffix": "\n",
      "review_action": "arg_structuring",
      "fine_review_action": "arg-structuring_heading",
      "aspect": "none",
      "polarity": "none"
    },
    {
      "review_id": "SkgrQMiFhQ",
      "sentence_index": 1,
      "text": "This paper proposes a neural architecture search method based on a direct sparse optimization, where the proposed method provides a novel model pruning view to the neural architecture search problem.",
      "suffix": "",
      "review_action": "arg_structuring",
      "fine_review_action": "arg-structuring_summary",
      "aspect": "none",
      "polarity": "none"
    },
    {
      "review_id": "SkgrQMiFhQ",
      "sentence_index": 2,
      "text": "Specifically, the proposed method introduces scaling factors to connections between operations, and impose sparse regularizations to prune useless connections in the network.",
      "suffix": "",
      "review_action": "arg_structuring",
      "fine_review_action": "arg-structuring_summary",
      "aspect": "none",
      "polarity": "none"
    },
    {
      "review_id": "SkgrQMiFhQ",
      "sentence_index": 3,
      "text": "The proposed method is evaluated on CIFAR-10 and ImageNet dataset.",
      "suffix": "\n\n",
      "review_action": "arg_structuring",
      "fine_review_action": "arg-structuring_summary",
      "aspect": "none",
      "polarity": "none"
    },
    {
      "review_id": "SkgrQMiFhQ",
      "sentence_index": 4,
      "text": "- Pros",
      "suffix": "\n",
      "review_action": "arg_structuring",
      "fine_review_action": "arg-structuring_heading",
      "aspect": "none",
      "polarity": "none"
    },
    {
      "review_id": "SkgrQMiFhQ",
      "sentence_index": 5,
      "text": "- The proposed method shows competitive or better performance than existing neural architecture search methods.",
      "suffix": "\n",
      "review_action": "arg_evaluative",
      "fine_review_action": "none",
      "aspect": "asp_substance",
      "polarity": "pol_positive"
    },
    {
      "review_id": "SkgrQMiFhQ",
      "sentence_index": 6,
      "text": "- The experiments are conducted thoroughly in the CIFAR-10 and ImageNet.",
      "suffix": "",
      "review_action": "arg_evaluative",
      "fine_review_action": "none",
      "aspect": "asp_substance",
      "polarity": "pol_positive"
    },
    {
      "review_id": "SkgrQMiFhQ",
      "sentence_index": 7,
      "text": "The selection of the datasets is appropriate.",
      "suffix": "",
      "review_action": "arg_evaluative",
      "fine_review_action": "none",
      "aspect": "asp_substance",
      "polarity": "pol_positive"
    },
    {
      "review_id": "SkgrQMiFhQ",
      "sentence_index": 8,
      "text": "Also, the selection of the methods to be compared is appropriate.",
      "suffix": "\n",
      "review_action": "arg_evaluative",
      "fine_review_action": "none",
      "aspect": "asp_substance",
      "polarity": "pol_positive"
    },
    {
      "review_id": "SkgrQMiFhQ",
      "sentence_index": 9,
      "text": "- The effect of each proposed technique is appropriately evaluated.",
      "suffix": "\n\n",
      "review_action": "arg_evaluative",
      "fine_review_action": "none",
      "aspect": "asp_substance",
      "polarity": "pol_positive"
    },
    {
      "review_id": "SkgrQMiFhQ",
      "sentence_index": 10,
      "text": "- Cons",
      "suffix": "\n",
      "review_action": "arg_structuring",
      "fine_review_action": "arg-structuring_heading",
      "aspect": "none",
      "polarity": "none"
    },
    {
      "review_id": "SkgrQMiFhQ",
      "sentence_index": 11,
      "text": "- The search space of the proposed method, such as the number of operations in the convolution block, is limited.",
      "suffix": "\n",
      "review_action": "arg_evaluative",
      "fine_review_action": "none",
      "aspect": "asp_soundness-correctness",
      "polarity": "pol_negative"
    },
    {
      "review_id": "SkgrQMiFhQ",
      "sentence_index": 12,
      "text": "- The proposed method does not outperform the existing state-of-the-art methods in terms of classification accuracy.",
      "suffix": "\n",
      "review_action": "arg_evaluative",
      "fine_review_action": "none",
      "aspect": "asp_substance",
      "polarity": "pol_negative"
    },
    {
      "review_id": "SkgrQMiFhQ",
      "sentence_index": 13,
      "text": "- The technical contribution of the proposed method is not high, because the architecture space of neural network is similar to the prior works.",
      "suffix": "\n\n",
      "review_action": "arg_evaluative",
      "fine_review_action": "none",
      "aspect": "asp_originality",
      "polarity": "pol_negative"
    },
    {
      "review_id": "SkgrQMiFhQ",
      "sentence_index": 14,
      "text": "Overall, if we focus on the balance between the classification accuracy and computational efficiency, the proposed method is promising.",
      "suffix": "",
      "review_action": "arg_evaluative",
      "fine_review_action": "none",
      "aspect": "asp_soundness-correctness",
      "polarity": "pol_positive"
    }
  ],
  "rebuttal_sentences": [
    {
      "review_id": "SkgrQMiFhQ",
      "rebuttal_id": "H1lLBiyK0Q",
      "sentence_index": 0,
      "text": "Thanks for pointing out the pros and cons of our method.",
      "suffix": "",
      "rebuttal_stance": "nonarg",
      "rebuttal_action": "rebuttal_social",
      "alignment": [
        "context_global",
        null
      ],
      "details": {}
    },
    {
      "review_id": "SkgrQMiFhQ",
      "rebuttal_id": "H1lLBiyK0Q",
      "sentence_index": 1,
      "text": "We address your concerns as follows:",
      "suffix": "\n\n",
      "rebuttal_stance": "nonarg",
      "rebuttal_action": "rebuttal_structuring",
      "alignment": [
        "context_in-rebuttal",
        null
      ],
      "details": {}
    },
    {
      "review_id": "SkgrQMiFhQ",
      "rebuttal_id": "H1lLBiyK0Q",
      "sentence_index": 2,
      "text": "Q1. \u201cThe search space of the proposed method, such as the number of operations in the convolution block, is limited.\u201d",
      "suffix": "\n",
      "rebuttal_stance": "nonarg",
      "rebuttal_action": "rebuttal_structuring",
      "alignment": [
        "context_sentences",
        [
          11
        ]
      ],
      "details": {}
    },
    {
      "review_id": "SkgrQMiFhQ",
      "rebuttal_id": "H1lLBiyK0Q",
      "sentence_index": 3,
      "text": "A1: First, the size of search space is not determined by the number of operations but the number of connections.",
      "suffix": "",
      "rebuttal_stance": "dispute",
      "rebuttal_action": "rebuttal_reject-criticism",
      "alignment": [
        "context_sentences",
        [
          11
        ]
      ],
      "details": {}
    },
    {
      "review_id": "SkgrQMiFhQ",
      "rebuttal_id": "H1lLBiyK0Q",
      "sentence_index": 4,
      "text": "The search space of our method is different from exiting NAS methods in that the number of input of certain operation is not limited.",
      "suffix": "\n\n",
      "rebuttal_stance": "dispute",
      "rebuttal_action": "rebuttal_reject-criticism",
      "alignment": [
        "context_sentences",
        [
          11
        ]
      ],
      "details": {}
    },
    {
      "review_id": "SkgrQMiFhQ",
      "rebuttal_id": "H1lLBiyK0Q",
      "sentence_index": 5,
      "text": "Second, the search space without block share is even much larger than existing NAS methods.",
      "suffix": "\n\n",
      "rebuttal_stance": "dispute",
      "rebuttal_action": "rebuttal_reject-criticism",
      "alignment": [
        "context_sentences",
        [
          11
        ]
      ],
      "details": {}
    },
    {
      "review_id": "SkgrQMiFhQ",
      "rebuttal_id": "H1lLBiyK0Q",
      "sentence_index": 6,
      "text": "Third, we can trivially extend our DSO-NAS to accommodate more operations such as dilated conv like our ongoing experiments on PASCAL VOC semantic segmentation task, we extend our search space to accommodate 3x3 and 5x5 separable convolution with dilated = 2.",
      "suffix": "",
      "rebuttal_stance": "dispute",
      "rebuttal_action": "rebuttal_reject-criticism",
      "alignment": [
        "context_sentences",
        [
          11
        ]
      ],
      "details": {}
    },
    {
      "review_id": "SkgrQMiFhQ",
      "rebuttal_id": "H1lLBiyK0Q",
      "sentence_index": 7,
      "text": "The following table shows the performance of our model on the PASCAL VOC 2012 semantic segmentation task, where DSO-NAS-cls represents the architecture searched on ImageNet with block structure sharing and DSO-NAS-seg represents the architecture searched on PASCAL VOC segmentation task.",
      "suffix": "\n",
      "rebuttal_stance": "concur",
      "rebuttal_action": "rebuttal_done",
      "alignment": [
        "context_sentences",
        [
          11
        ]
      ],
      "details": {
        "request_out_of_scope": false
      }
    },
    {
      "review_id": "SkgrQMiFhQ",
      "rebuttal_id": "H1lLBiyK0Q",
      "sentence_index": 8,
      "text": "---------------------------------------------------------------------------------------------------------------------------",
      "suffix": "\n",
      "rebuttal_stance": "nonarg",
      "rebuttal_action": "rebuttal_structuring",
      "alignment": [
        "context_sentences",
        [
          11
        ]
      ],
      "details": {}
    },
    {
      "review_id": "SkgrQMiFhQ",
      "rebuttal_id": "H1lLBiyK0Q",
      "sentence_index": 9,
      "text": "Architecture",
      "suffix": "",
      "rebuttal_stance": "nonarg",
      "rebuttal_action": "rebuttal_structuring",
      "alignment": [
        "context_sentences",
        [
          11
        ]
      ],
      "details": {}
    },
    {
      "review_id": "SkgrQMiFhQ",
      "rebuttal_id": "H1lLBiyK0Q",
      "sentence_index": 10,
      "text": "mIOU                     Params(M)",
      "suffix": "",
      "rebuttal_stance": "nonarg",
      "rebuttal_action": "rebuttal_structuring",
      "alignment": [
        "context_sentences",
        [
          11
        ]
      ],
      "details": {}
    },
    {
      "review_id": "SkgrQMiFhQ",
      "rebuttal_id": "H1lLBiyK0Q",
      "sentence_index": 11,
      "text": "FLOPS(B)",
      "suffix": "\n",
      "rebuttal_stance": "nonarg",
      "rebuttal_action": "rebuttal_structuring",
      "alignment": [
        "context_sentences",
        [
          11
        ]
      ],
      "details": {}
    },
    {
      "review_id": "SkgrQMiFhQ",
      "rebuttal_id": "H1lLBiyK0Q",
      "sentence_index": 12,
      "text": "---------------------------------------------------------------------------------------------------------------------------",
      "suffix": "\n",
      "rebuttal_stance": "nonarg",
      "rebuttal_action": "rebuttal_structuring",
      "alignment": [
        "context_sentences",
        [
          11
        ]
      ],
      "details": {}
    },
    {
      "review_id": "SkgrQMiFhQ",
      "rebuttal_id": "H1lLBiyK0Q",
      "sentence_index": 13,
      "text": "DSO-NAS-cls",
      "suffix": "",
      "rebuttal_stance": "nonarg",
      "rebuttal_action": "rebuttal_summary",
      "alignment": [
        "context_sentences",
        [
          11
        ]
      ],
      "details": {}
    },
    {
      "review_id": "SkgrQMiFhQ",
      "rebuttal_id": "H1lLBiyK0Q",
      "sentence_index": 14,
      "text": "72.1",
      "suffix": "",
      "rebuttal_stance": "nonarg",
      "rebuttal_action": "rebuttal_summary",
      "alignment": [
        "context_sentences",
        [
          11
        ]
      ],
      "details": {}
    },
    {
      "review_id": "SkgrQMiFhQ",
      "rebuttal_id": "H1lLBiyK0Q",
      "sentence_index": 15,
      "text": "6.5                               13.0",
      "suffix": "\n",
      "rebuttal_stance": "nonarg",
      "rebuttal_action": "rebuttal_summary",
      "alignment": [
        "context_sentences",
        [
          11
        ]
      ],
      "details": {}
    },
    {
      "review_id": "SkgrQMiFhQ",
      "rebuttal_id": "H1lLBiyK0Q",
      "sentence_index": 16,
      "text": "---------------------------------------------------------------------------------------------------------------------------",
      "suffix": "\n",
      "rebuttal_stance": "nonarg",
      "rebuttal_action": "rebuttal_summary",
      "alignment": [
        "context_sentences",
        [
          11
        ]
      ],
      "details": {}
    },
    {
      "review_id": "SkgrQMiFhQ",
      "rebuttal_id": "H1lLBiyK0Q",
      "sentence_index": 17,
      "text": "DSO-NAS-seg(more operations)",
      "suffix": "",
      "rebuttal_stance": "nonarg",
      "rebuttal_action": "rebuttal_summary",
      "alignment": [
        "context_sentences",
        [
          11
        ]
      ],
      "details": {}
    },
    {
      "review_id": "SkgrQMiFhQ",
      "rebuttal_id": "H1lLBiyK0Q",
      "sentence_index": 18,
      "text": "72.7                            6.7                               13.2",
      "suffix": "\n",
      "rebuttal_stance": "nonarg",
      "rebuttal_action": "rebuttal_summary",
      "alignment": [
        "context_sentences",
        [
          11
        ]
      ],
      "details": {}
    },
    {
      "review_id": "SkgrQMiFhQ",
      "rebuttal_id": "H1lLBiyK0Q",
      "sentence_index": 19,
      "text": "---------------------------------------------------------------------------------------------------------------------------",
      "suffix": "\n",
      "rebuttal_stance": "nonarg",
      "rebuttal_action": "rebuttal_structuring",
      "alignment": [
        "context_sentences",
        [
          11
        ]
      ],
      "details": {}
    },
    {
      "review_id": "SkgrQMiFhQ",
      "rebuttal_id": "H1lLBiyK0Q",
      "sentence_index": 20,
      "text": "We combine DSO-NAS with Deeplab v3 and search for the architecture of feature extractor with block sharing.",
      "suffix": "",
      "rebuttal_stance": "nonarg",
      "rebuttal_action": "rebuttal_summary",
      "alignment": [
        "context_sentences",
        [
          11
        ]
      ],
      "details": {}
    },
    {
      "review_id": "SkgrQMiFhQ",
      "rebuttal_id": "H1lLBiyK0Q",
      "sentence_index": 21,
      "text": "All above models have been pre-trained on ImageNet classification task first.",
      "suffix": "",
      "rebuttal_stance": "nonarg",
      "rebuttal_action": "rebuttal_summary",
      "alignment": [
        "context_sentences",
        [
          11
        ]
      ],
      "details": {}
    },
    {
      "review_id": "SkgrQMiFhQ",
      "rebuttal_id": "H1lLBiyK0Q",
      "sentence_index": 22,
      "text": "It\u2019s notable that the architecture searched on semantic segmentation task with additional operations achieve better performance in our preliminary experiment, indicating that our DSO-NAS is capable to incorporate additional operations.",
      "suffix": "",
      "rebuttal_stance": "nonarg",
      "rebuttal_action": "rebuttal_summary",
      "alignment": [
        "context_sentences",
        [
          11
        ]
      ],
      "details": {}
    },
    {
      "review_id": "SkgrQMiFhQ",
      "rebuttal_id": "H1lLBiyK0Q",
      "sentence_index": 23,
      "text": "We will present the full experiments of semantic segmentation in the future revision.",
      "suffix": "\n\n",
      "rebuttal_stance": "concur",
      "rebuttal_action": "rebuttal_by-cr",
      "alignment": [
        "context_sentences",
        [
          11
        ]
      ],
      "details": {
        "manuscript_change": true
      }
    },
    {
      "review_id": "SkgrQMiFhQ",
      "rebuttal_id": "H1lLBiyK0Q",
      "sentence_index": 24,
      "text": "Q2: \u201cThe technical contribution of the proposed method is not high, because the architecture space of neural network is similar to the prior works.\u201d",
      "suffix": "\n",
      "rebuttal_stance": "nonarg",
      "rebuttal_action": "rebuttal_structuring",
      "alignment": [
        "context_sentences",
        [
          13
        ]
      ],
      "details": {}
    },
    {
      "review_id": "SkgrQMiFhQ",
      "rebuttal_id": "H1lLBiyK0Q",
      "sentence_index": 25,
      "text": "A2: Please refer to Q1.",
      "suffix": "",
      "rebuttal_stance": "dispute",
      "rebuttal_action": "rebuttal_reject-criticism",
      "alignment": [
        "context_sentences",
        [
          13
        ]
      ],
      "details": {}
    },
    {
      "review_id": "SkgrQMiFhQ",
      "rebuttal_id": "H1lLBiyK0Q",
      "sentence_index": 26,
      "text": "Moreover, we never claim the main contribution of our work lies in augmenting the search space.",
      "suffix": "",
      "rebuttal_stance": "dispute",
      "rebuttal_action": "rebuttal_reject-criticism",
      "alignment": [
        "context_sentences",
        [
          13
        ]
      ],
      "details": {}
    },
    {
      "review_id": "SkgrQMiFhQ",
      "rebuttal_id": "H1lLBiyK0Q",
      "sentence_index": 27,
      "text": "And in fact, most existing NAS papers share the same architecture search space, the main differences between them is the search strategy.",
      "suffix": "",
      "rebuttal_stance": "dispute",
      "rebuttal_action": "rebuttal_reject-criticism",
      "alignment": [
        "context_sentences",
        [
          13
        ]
      ],
      "details": {}
    },
    {
      "review_id": "SkgrQMiFhQ",
      "rebuttal_id": "H1lLBiyK0Q",
      "sentence_index": 28,
      "text": "We believe that judging the novelty of a NAS paper solely by its architecture space is unfair.",
      "suffix": "",
      "rebuttal_stance": "dispute",
      "rebuttal_action": "rebuttal_reject-criticism",
      "alignment": [
        "context_sentences",
        [
          13
        ]
      ],
      "details": {}
    }
  ]
}