{
  "metadata": {
    "forum_id": "S1lhbnRqF7",
    "review_id": "Sklcn-_c3m",
    "rebuttal_id": "S1xtKI4mAX",
    "title": "Building Dynamic Knowledge Graphs from Text using Machine Reading Comprehension",
    "reviewer": "AnonReviewer2",
    "rating": 7,
    "conference": "ICLR2019",
    "permalink": "https://openreview.net/forum?id=S1lhbnRqF7&noteId=S1xtKI4mAX",
    "annotator": "anno2"
  },
  "review_sentences": [
    {
      "review_id": "Sklcn-_c3m",
      "sentence_index": 0,
      "text": "The paper addresses a challenging problem of predicting the states of entities over the description of a process.",
      "suffix": "",
      "review_action": "arg_evaluative",
      "fine_review_action": "none",
      "aspect": "asp_motivation-impact",
      "polarity": "pol_positive"
    },
    {
      "review_id": "Sklcn-_c3m",
      "sentence_index": 1,
      "text": "The paper is very well written, and easily understandable.",
      "suffix": "",
      "review_action": "arg_evaluative",
      "fine_review_action": "none",
      "aspect": "asp_clarity",
      "polarity": "pol_positive"
    },
    {
      "review_id": "Sklcn-_c3m",
      "sentence_index": 2,
      "text": "The authors propose a graph structure for entity states, which is updated at each step using the outputs of a machine comprehension system.",
      "suffix": "",
      "review_action": "arg_structuring",
      "fine_review_action": "arg-structuring_summary",
      "aspect": "none",
      "polarity": "none"
    },
    {
      "review_id": "Sklcn-_c3m",
      "sentence_index": 3,
      "text": "The approach is novel and well motivated.",
      "suffix": "",
      "review_action": "arg_evaluative",
      "fine_review_action": "none",
      "aspect": "asp_originality",
      "polarity": "pol_positive"
    },
    {
      "review_id": "Sklcn-_c3m",
      "sentence_index": 4,
      "text": "I will suggest a few improvements:",
      "suffix": "\n\n",
      "review_action": "arg_structuring",
      "fine_review_action": "arg-structuring_heading",
      "aspect": "none",
      "polarity": "none"
    },
    {
      "review_id": "Sklcn-_c3m",
      "sentence_index": 5,
      "text": "1. the NPN model seems a good alternative, will be good to have a discussion about why your model is better than NPN.",
      "suffix": "",
      "review_action": "arg_request",
      "fine_review_action": "arg-request_experiment",
      "aspect": "asp_meaningful-comparison",
      "polarity": "none"
    },
    {
      "review_id": "Sklcn-_c3m",
      "sentence_index": 6,
      "text": "Also, NPN can probably be modified to output spans of a sentence.",
      "suffix": "",
      "review_action": "arg_fact",
      "fine_review_action": "none",
      "aspect": "none",
      "polarity": "none"
    },
    {
      "review_id": "Sklcn-_c3m",
      "sentence_index": 7,
      "text": "I will be curious to know how it performs.",
      "suffix": "\n\n",
      "review_action": "arg_request",
      "fine_review_action": "arg-request_explanation",
      "aspect": "asp_meaningful-comparison",
      "polarity": "none"
    },
    {
      "review_id": "Sklcn-_c3m",
      "sentence_index": 8,
      "text": "2. A more detailed illustration of the system / network is needed. Would have made it much easier to understand the paper.",
      "suffix": "\n\n",
      "review_action": "arg_request",
      "fine_review_action": "arg-request_edit",
      "aspect": "asp_substance",
      "polarity": "none"
    },
    {
      "review_id": "Sklcn-_c3m",
      "sentence_index": 9,
      "text": "3. What are the results when using the whole training set of Recipes ?",
      "suffix": "",
      "review_action": "arg_request",
      "fine_review_action": "arg-request_explanation",
      "aspect": "asp_soundness-correctness",
      "polarity": "none"
    }
  ],
  "rebuttal_sentences": [
    {
      "review_id": "Sklcn-_c3m",
      "rebuttal_id": "S1xtKI4mAX",
      "sentence_index": 0,
      "text": "We\u2019re glad that you found the paper interesting and well-written. To address your comments and questions:",
      "suffix": "\n\n",
      "rebuttal_stance": "nonarg",
      "rebuttal_action": "rebuttal_social",
      "alignment": [
        "context_global",
        null
      ],
      "details": {}
    },
    {
      "review_id": "Sklcn-_c3m",
      "rebuttal_id": "S1xtKI4mAX",
      "sentence_index": 1,
      "text": "1. the NPN model seems a good alternative, will be good to have a discussion about why your model is better than NPN.",
      "suffix": "",
      "rebuttal_stance": "nonarg",
      "rebuttal_action": "rebuttal_structuring",
      "alignment": [
        "context_sentences",
        [
          5,
          6,
          7
        ]
      ],
      "details": {}
    },
    {
      "review_id": "Sklcn-_c3m",
      "rebuttal_id": "S1xtKI4mAX",
      "sentence_index": 2,
      "text": "Also, NPN can probably be modified to output spans of a sentence.",
      "suffix": "",
      "rebuttal_stance": "nonarg",
      "rebuttal_action": "rebuttal_structuring",
      "alignment": [
        "context_sentences",
        [
          5,
          6,
          7
        ]
      ],
      "details": {}
    },
    {
      "review_id": "Sklcn-_c3m",
      "rebuttal_id": "S1xtKI4mAX",
      "sentence_index": 3,
      "text": "I will be curious to know how it performs.",
      "suffix": "\n\n",
      "rebuttal_stance": "nonarg",
      "rebuttal_action": "rebuttal_structuring",
      "alignment": [
        "context_sentences",
        [
          5,
          6,
          7
        ]
      ],
      "details": {}
    },
    {
      "review_id": "Sklcn-_c3m",
      "rebuttal_id": "S1xtKI4mAX",
      "sentence_index": 4,
      "text": "The NPN model requires a pre-defined lexicon of action types (i.e., verbs), such as cut, bake, boil, etc.",
      "suffix": "",
      "rebuttal_stance": "dispute",
      "rebuttal_action": "rebuttal_reject-request",
      "alignment": [
        "context_sentences",
        [
          5,
          6,
          7
        ]
      ],
      "details": {
        "request_out_of_scope": false
      }
    },
    {
      "review_id": "Sklcn-_c3m",
      "rebuttal_id": "S1xtKI4mAX",
      "sentence_index": 5,
      "text": "For the recipes dataset, the action types and their causal effects were manually collected and defined.",
      "suffix": "",
      "rebuttal_stance": "dispute",
      "rebuttal_action": "rebuttal_reject-request",
      "alignment": [
        "context_sentences",
        [
          5,
          6,
          7
        ]
      ],
      "details": {
        "request_out_of_scope": false
      }
    },
    {
      "review_id": "Sklcn-_c3m",
      "rebuttal_id": "S1xtKI4mAX",
      "sentence_index": 6,
      "text": "Since the ProPara dataset does not have these annotations, we would have to manually identify action types to apply NPN to it.",
      "suffix": "\n",
      "rebuttal_stance": "dispute",
      "rebuttal_action": "rebuttal_reject-request",
      "alignment": [
        "context_sentences",
        [
          5,
          6,
          7
        ]
      ],
      "details": {
        "request_out_of_scope": false
      }
    },
    {
      "review_id": "Sklcn-_c3m",
      "rebuttal_id": "S1xtKI4mAX",
      "sentence_index": 7,
      "text": "Also, NPN treats the state change as a classification problem (of about 260 classes that are also manually defined).",
      "suffix": "",
      "rebuttal_stance": "dispute",
      "rebuttal_action": "rebuttal_contradict-assertion",
      "alignment": [
        "context_sentences",
        [
          5,
          6,
          7
        ]
      ],
      "details": {}
    },
    {
      "review_id": "Sklcn-_c3m",
      "rebuttal_id": "S1xtKI4mAX",
      "sentence_index": 8,
      "text": "In contrast, KG-MRC finds the state-describing span in the text directly, which we believe is a more generic approach.",
      "suffix": "\n\n",
      "rebuttal_stance": "dispute",
      "rebuttal_action": "rebuttal_contradict-assertion",
      "alignment": [
        "context_sentences",
        [
          5,
          6,
          7
        ]
      ],
      "details": {}
    },
    {
      "review_id": "Sklcn-_c3m",
      "rebuttal_id": "S1xtKI4mAX",
      "sentence_index": 9,
      "text": "2. A more detailed illustration of the system / network is needed. Would have made it much easier to understand the paper.",
      "suffix": "\n\n",
      "rebuttal_stance": "nonarg",
      "rebuttal_action": "rebuttal_structuring",
      "alignment": [
        "context_sentences",
        [
          8
        ]
      ],
      "details": {}
    },
    {
      "review_id": "Sklcn-_c3m",
      "rebuttal_id": "S1xtKI4mAX",
      "sentence_index": 10,
      "text": "We agree that more detail would help readers to understand the model better.",
      "suffix": "",
      "rebuttal_stance": "concur",
      "rebuttal_action": "rebuttal_concede-criticism",
      "alignment": [
        "context_sentences",
        [
          8
        ]
      ],
      "details": {}
    },
    {
      "review_id": "Sklcn-_c3m",
      "rebuttal_id": "S1xtKI4mAX",
      "sentence_index": 11,
      "text": "We\u2019ve made some hopefully significant updates to Section 4 (model description and notation) to improve clarity, and we hope you\u2019ll take the time to read the new manuscript.",
      "suffix": "",
      "rebuttal_stance": "concur",
      "rebuttal_action": "rebuttal_done",
      "alignment": [
        "context_sentences",
        [
          8
        ]
      ],
      "details": {
        "request_out_of_scope": true
      }
    },
    {
      "review_id": "Sklcn-_c3m",
      "rebuttal_id": "S1xtKI4mAX",
      "sentence_index": 12,
      "text": "Two important additions are a high-level summary of the model, which we give at the beginning of Section 4, and a table (Table 2) that lists what each symbol represents along with its dimensions.",
      "suffix": "\n\n",
      "rebuttal_stance": "nonarg",
      "rebuttal_action": "rebuttal_summary",
      "alignment": [
        "context_sentences",
        [
          8
        ]
      ],
      "details": {}
    },
    {
      "review_id": "Sklcn-_c3m",
      "rebuttal_id": "S1xtKI4mAX",
      "sentence_index": 13,
      "text": "3. What are the results when using the whole training set of Recipes ?",
      "suffix": "\n\n",
      "rebuttal_stance": "nonarg",
      "rebuttal_action": "rebuttal_structuring",
      "alignment": [
        "context_sentences",
        [
          9
        ]
      ],
      "details": {}
    },
    {
      "review_id": "Sklcn-_c3m",
      "rebuttal_id": "S1xtKI4mAX",
      "sentence_index": 14,
      "text": "We\u2019ve completed an experiment on the full Recipes dataset and updated the paper to describe the result (this experiment did not finish in time for the initial submission).",
      "suffix": "",
      "rebuttal_stance": "concur",
      "rebuttal_action": "rebuttal_done",
      "alignment": [
        "context_sentences",
        [
          9
        ]
      ],
      "details": {
        "request_out_of_scope": true
      }
    },
    {
      "review_id": "Sklcn-_c3m",
      "rebuttal_id": "S1xtKI4mAX",
      "sentence_index": 15,
      "text": "The model\u2019s F1 score improves from 51.64 on the partial data to 54.27 on the full data, surpassing the previous state of the art by a more significant margin.",
      "suffix": "",
      "rebuttal_stance": "concur",
      "rebuttal_action": "rebuttal_answer",
      "alignment": [
        "context_sentences",
        [
          9
        ]
      ],
      "details": {}
    }
  ]
}