{
  "metadata": {
    "forum_id": "BkgWHnR5tm",
    "review_id": "SygmVm7XpQ",
    "rebuttal_id": "rkeEvt6xA7",
    "title": "Neural Graph Evolution: Towards Efficient Automatic Robot Design",
    "reviewer": "AnonReviewer2",
    "rating": 5,
    "conference": "ICLR2019",
    "permalink": "https://openreview.net/forum?id=BkgWHnR5tm&noteId=rkeEvt6xA7",
    "annotator": "anno2"
  },
  "review_sentences": [
    {
      "review_id": "SygmVm7XpQ",
      "sentence_index": 0,
      "text": "This paper proposes an approach for automatic robot design based on Neural graph evolution.",
      "suffix": "\n",
      "review_action": "arg_structuring",
      "fine_review_action": "arg-structuring_summary",
      "aspect": "none",
      "polarity": "none"
    },
    {
      "review_id": "SygmVm7XpQ",
      "sentence_index": 1,
      "text": "The overall approach has a flavor of genetical algorithms, as it also performs evolutionary operations on the graph, but it also allows for a better mechanism for policy sharing across the different topologies, which is nice.",
      "suffix": "\n\n",
      "review_action": "arg_structuring",
      "fine_review_action": "arg-structuring_summary",
      "aspect": "none",
      "polarity": "none"
    },
    {
      "review_id": "SygmVm7XpQ",
      "sentence_index": 2,
      "text": "My main concern about the paper is that, currently, the experiments do not include any strong baseline (the ES currently is not a strong baseline, see comments below).",
      "suffix": "\n",
      "review_action": "arg_evaluative",
      "fine_review_action": "none",
      "aspect": "asp_substance",
      "polarity": "pol_negative"
    },
    {
      "review_id": "SygmVm7XpQ",
      "sentence_index": 3,
      "text": "The experiments currently demonstrate that optimizing both controller and hardware is better than optimizing just the controller, which is not surprising and is a phenomenon which has been previously studied in the literature.",
      "suffix": "\n",
      "review_action": "arg_evaluative",
      "fine_review_action": "none",
      "aspect": "asp_originality",
      "polarity": "pol_negative"
    },
    {
      "review_id": "SygmVm7XpQ",
      "sentence_index": 4,
      "text": "What instead is missing is an answer to the question: Is it worth using a neural graph? what are the advantages and disadvantages compared to previous approaches?",
      "suffix": "\n",
      "review_action": "arg_evaluative",
      "fine_review_action": "none",
      "aspect": "asp_substance",
      "polarity": "pol_negative"
    },
    {
      "review_id": "SygmVm7XpQ",
      "sentence_index": 5,
      "text": "I would like to see additional experiments to answer this questions.",
      "suffix": "\n\n",
      "review_action": "arg_request",
      "fine_review_action": "arg-request_experiment",
      "aspect": "asp_substance",
      "polarity": "none"
    },
    {
      "review_id": "SygmVm7XpQ",
      "sentence_index": 6,
      "text": "In particular, I believe that any algorithms you compare against, you should optimize both G and theta, since optimizing purely the hardware is unfair.",
      "suffix": "\n",
      "review_action": "arg_evaluative",
      "fine_review_action": "none",
      "aspect": "asp_soundness-correctness",
      "polarity": "pol_negative"
    },
    {
      "review_id": "SygmVm7XpQ",
      "sentence_index": 7,
      "text": "You should use an existing ES implementation (e.g., from some well-known package) instead of a naive implementation, and as additional baseline also CMA-ES.",
      "suffix": "\n",
      "review_action": "arg_request",
      "fine_review_action": "arg-request_edit",
      "aspect": "asp_soundness-correctness",
      "polarity": "pol_negative"
    },
    {
      "review_id": "SygmVm7XpQ",
      "sentence_index": 8,
      "text": "If you can also compare against one or two algorithms of your choice from the recent literature it would also give more value to the comparison.",
      "suffix": "\n\n",
      "review_action": "arg_request",
      "fine_review_action": "arg-request_experiment",
      "aspect": "asp_meaningful-comparison",
      "polarity": "none"
    },
    {
      "review_id": "SygmVm7XpQ",
      "sentence_index": 9,
      "text": "Detailed comments:",
      "suffix": "\n",
      "review_action": "arg_structuring",
      "fine_review_action": "arg-structuring_heading",
      "aspect": "none",
      "polarity": "none"
    },
    {
      "review_id": "SygmVm7XpQ",
      "sentence_index": 10,
      "text": "- in the abstract you say that \"NGE is the first algorithm that can automatically discover complex robotic graph structures\".",
      "suffix": "",
      "review_action": "arg_structuring",
      "fine_review_action": "arg-structuring_quote",
      "aspect": "none",
      "polarity": "none"
    },
    {
      "review_id": "SygmVm7XpQ",
      "sentence_index": 11,
      "text": "This statement is ambiguous and potentially unsupported by evidence. how do you define complex? that can or that did discover?",
      "suffix": "\n",
      "review_action": "arg_request",
      "fine_review_action": "arg-request_explanation",
      "aspect": "asp_soundness-correctness",
      "polarity": "pol_negative"
    },
    {
      "review_id": "SygmVm7XpQ",
      "sentence_index": 12,
      "text": "- in the introduction you mention that automatic robot design had limited success.",
      "suffix": "",
      "review_action": "arg_structuring",
      "fine_review_action": "arg-structuring_quote",
      "aspect": "none",
      "polarity": "none"
    },
    {
      "review_id": "SygmVm7XpQ",
      "sentence_index": 13,
      "text": "This is rather subject, and I would tend to disagree.",
      "suffix": "",
      "review_action": "arg_evaluative",
      "fine_review_action": "none",
      "aspect": "asp_soundness-correctness",
      "polarity": "pol_negative"
    },
    {
      "review_id": "SygmVm7XpQ",
      "sentence_index": 14,
      "text": "Moreover, the same limitations that apply to other algorithms to make them successful, in my opinion, apply to your proposed algorithm (e.g., difficulty to move from simulated to real-world).",
      "suffix": "\n",
      "review_action": "arg_fact",
      "fine_review_action": "none",
      "aspect": "none",
      "polarity": "none"
    },
    {
      "review_id": "SygmVm7XpQ",
      "sentence_index": 15,
      "text": "- The digression at the bottom of the first page about neural architecture search seem out of context and interrupts the flow of the introduction.",
      "suffix": "",
      "review_action": "arg_evaluative",
      "fine_review_action": "none",
      "aspect": "asp_clarity",
      "polarity": "pol_negative"
    },
    {
      "review_id": "SygmVm7XpQ",
      "sentence_index": 16,
      "text": "What is the point that you are trying to make? Also, note that some of the algorithms that you are citing there have indeed applied beyond architecture search, eg. Bayesian optimization is used for gait optimization in robotics, and Genetic algorithms have been used for automatic robot design.",
      "suffix": "\n",
      "review_action": "arg_request",
      "fine_review_action": "arg-request_explanation",
      "aspect": "asp_soundness-correctness",
      "polarity": "pol_negative"
    },
    {
      "review_id": "SygmVm7XpQ",
      "sentence_index": 17,
      "text": "- The stated contributions number 3 and 5 are not truly contributions.",
      "suffix": "",
      "review_action": "arg_evaluative",
      "fine_review_action": "none",
      "aspect": "asp_soundness-correctness",
      "polarity": "pol_negative"
    },
    {
      "review_id": "SygmVm7XpQ",
      "sentence_index": 18,
      "text": "#3 is so generic that a large part of the previous literature on the topic fall under this category -- not new.",
      "suffix": "",
      "review_action": "arg_evaluative",
      "fine_review_action": "none",
      "aspect": "asp_soundness-correctness",
      "polarity": "pol_negative"
    },
    {
      "review_id": "SygmVm7XpQ",
      "sentence_index": 19,
      "text": "#5 is weak, and tell us more about the limitations of random search and naive ES than necessarily a merit of your approach.",
      "suffix": "\n",
      "review_action": "arg_evaluative",
      "fine_review_action": "none",
      "aspect": "asp_soundness-correctness",
      "polarity": "pol_negative"
    },
    {
      "review_id": "SygmVm7XpQ",
      "sentence_index": 20,
      "text": "- Sec 2.2: \"(GNNs) are very effective\" effective at what? what is the metric that you consider?",
      "suffix": "\n",
      "review_action": "arg_request",
      "fine_review_action": "arg-request_explanation",
      "aspect": "asp_soundness-correctness",
      "polarity": "pol_negative"
    },
    {
      "review_id": "SygmVm7XpQ",
      "sentence_index": 21,
      "text": "- Sec 3 \"(PS), where weights are reused\" can you already go into more details or refer to later sections?",
      "suffix": "\n",
      "review_action": "arg_request",
      "fine_review_action": "arg-request_explanation",
      "aspect": "asp_soundness-correctness",
      "polarity": "pol_negative"
    },
    {
      "review_id": "SygmVm7XpQ",
      "sentence_index": 22,
      "text": "- First line page 4 you mention AF, without introducing the acronym ever before.",
      "suffix": "\n",
      "review_action": "arg_evaluative",
      "fine_review_action": "none",
      "aspect": "asp_clarity",
      "polarity": "pol_negative"
    },
    {
      "review_id": "SygmVm7XpQ",
      "sentence_index": 23,
      "text": "- Sec 3.1: the statements about MB and MF algorithms are inaccurate.",
      "suffix": "",
      "review_action": "arg_evaluative",
      "fine_review_action": "none",
      "aspect": "asp_soundness-correctness",
      "polarity": "pol_negative"
    },
    {
      "review_id": "SygmVm7XpQ",
      "sentence_index": 24,
      "text": "Model-based RL algorithms can work in real-time (e.g. http://proceedings.mlr.press/v78/drews17a/drews17a.pdf) and have been shown to have same asymptotic performance of MB controllers for simple robot control (e.g. https://arxiv.org/abs/1805.12114)",
      "suffix": "\n",
      "review_action": "arg_fact",
      "fine_review_action": "none",
      "aspect": "none",
      "polarity": "none"
    },
    {
      "review_id": "SygmVm7XpQ",
      "sentence_index": 25,
      "text": "- \"to speed up and trade off between evaluating fitness and evolving new species\" Unclear sentence. speed up what",
      "suffix": "",
      "review_action": "arg_request",
      "fine_review_action": "arg-request_clarification",
      "aspect": "asp_clarity",
      "polarity": "pol_negative"
    },
    {
      "review_id": "SygmVm7XpQ",
      "sentence_index": 26,
      "text": "? why is this a trade-off?",
      "suffix": "\n",
      "review_action": "none",
      "fine_review_action": "none",
      "aspect": "none",
      "polarity": "none"
    },
    {
      "review_id": "SygmVm7XpQ",
      "sentence_index": 27,
      "text": "- Sec 3.4 can you recap all the parameters after eq.11? going through Sec 3.2 and 2.2 to find them is quite annoying.",
      "suffix": "\n",
      "review_action": "arg_request",
      "fine_review_action": "arg-request_clarification",
      "aspect": "asp_clarity",
      "polarity": "pol_negative"
    },
    {
      "review_id": "SygmVm7XpQ",
      "sentence_index": 28,
      "text": "- Sec 4.1:",
      "suffix": "",
      "review_action": "arg_evaluative",
      "fine_review_action": "none",
      "aspect": "asp_soundness-correctness",
      "polarity": "pol_negative"
    },
    {
      "review_id": "SygmVm7XpQ",
      "sentence_index": 29,
      "text": "would argue that computational cost is rarely a concern among evolutionary algorithms.",
      "suffix": "",
      "review_action": "none",
      "fine_review_action": "none",
      "aspect": "none",
      "polarity": "none"
    },
    {
      "review_id": "SygmVm7XpQ",
      "sentence_index": 30,
      "text": "The cost of evaluating the function is typically more pressing, and as a result it is important to have algorithms that can converge within a small number of iterations/generations.",
      "suffix": "\n",
      "review_action": "arg_fact",
      "fine_review_action": "none",
      "aspect": "none",
      "polarity": "none"
    },
    {
      "review_id": "SygmVm7XpQ",
      "sentence_index": 31,
      "text": "- Providing the same computational budget seem rather arbitrary at the moment, and it heavily depends from implementation. How many evaluations do you perform for each method? why not having the same budget of experiments?",
      "suffix": "",
      "review_action": "arg_request",
      "fine_review_action": "arg-request_explanation",
      "aspect": "asp_soundness-correctness",
      "polarity": "pol_negative"
    }
  ],
  "rebuttal_sentences": [
    {
      "review_id": "SygmVm7XpQ",
      "rebuttal_id": "rkeEvt6xA7",
      "sentence_index": 0,
      "text": "We are afraid that there seems to be some confusion regarding our paper.",
      "suffix": "",
      "rebuttal_stance": "nonarg",
      "rebuttal_action": "rebuttal_social",
      "alignment": [
        "context_global",
        null
      ],
      "details": {}
    },
    {
      "review_id": "SygmVm7XpQ",
      "rebuttal_id": "rkeEvt6xA7",
      "sentence_index": 1,
      "text": "We apologize if this is caused by the lack of clarity in the use of abbreviation \u201cES\u201d (see general response).",
      "suffix": "",
      "rebuttal_stance": "concur",
      "rebuttal_action": "rebuttal_concede-criticism",
      "alignment": [
        "context_global",
        null
      ],
      "details": {}
    },
    {
      "review_id": "SygmVm7XpQ",
      "rebuttal_id": "rkeEvt6xA7",
      "sentence_index": 2,
      "text": "In the latest revision, \u201cEvolutionary structure search\u201d is abbreviated as \u201cESS\u201d for clarity.",
      "suffix": "",
      "rebuttal_stance": "nonarg",
      "rebuttal_action": "rebuttal_summary",
      "alignment": [
        "context_in-rebuttal",
        null
      ],
      "details": {}
    },
    {
      "review_id": "SygmVm7XpQ",
      "rebuttal_id": "rkeEvt6xA7",
      "sentence_index": 3,
      "text": "We emphasize that in the paper, NO \u201cevolutionary strategy\u201d but rather PPO is used to train the policy (see Section 2.1 and 3.2).",
      "suffix": "\n\n",
      "rebuttal_stance": "nonarg",
      "rebuttal_action": "rebuttal_summary",
      "alignment": [
        "context_in-rebuttal",
        null
      ],
      "details": {}
    },
    {
      "review_id": "SygmVm7XpQ",
      "rebuttal_id": "rkeEvt6xA7",
      "sentence_index": 4,
      "text": "We hope the reviewer can take time to revisit the paper in the light of this inconsistency.",
      "suffix": "",
      "rebuttal_stance": "nonarg",
      "rebuttal_action": "rebuttal_social",
      "alignment": [
        "context_none",
        null
      ],
      "details": {}
    },
    {
      "review_id": "SygmVm7XpQ",
      "rebuttal_id": "rkeEvt6xA7",
      "sentence_index": 5,
      "text": "Also, we now have 5 baselines from previous research and modern variants, which we believe further showcases our contributions.",
      "suffix": "\n\n",
      "rebuttal_stance": "nonarg",
      "rebuttal_action": "rebuttal_summary",
      "alignment": [
        "context_in-rebuttal",
        null
      ],
      "details": {}
    },
    {
      "review_id": "SygmVm7XpQ",
      "rebuttal_id": "rkeEvt6xA7",
      "sentence_index": 6,
      "text": "Q1: The experiments do not include any strong baseline",
      "suffix": "\n\n",
      "rebuttal_stance": "nonarg",
      "rebuttal_action": "rebuttal_structuring",
      "alignment": [
        "context_sentences",
        [
          2
        ]
      ],
      "details": {}
    },
    {
      "review_id": "SygmVm7XpQ",
      "rebuttal_id": "rkeEvt6xA7",
      "sentence_index": 7,
      "text": "We added more baselines to further strengthen the significance of our work with respect to the previous approaches.",
      "suffix": "\n\n",
      "rebuttal_stance": "concur",
      "rebuttal_action": "rebuttal_done",
      "alignment": [
        "context_sentences",
        [
          2
        ]
      ],
      "details": {
        "request_out_of_scope": true
      }
    },
    {
      "review_id": "SygmVm7XpQ",
      "rebuttal_id": "rkeEvt6xA7",
      "sentence_index": 8,
      "text": "The baselines now include (a)\u201cESS-Sims\u201d (Sims, 1994), (Cheney, 2014), (Taylor, 2017), (b) ESS-Sims-AF, (c) ESS-GM-UC, (d) ESS-BodyShare and (5) Random graph search.",
      "suffix": "",
      "rebuttal_stance": "nonarg",
      "rebuttal_action": "rebuttal_summary",
      "alignment": [
        "context_sentences",
        [
          2
        ]
      ],
      "details": {}
    },
    {
      "review_id": "SygmVm7XpQ",
      "rebuttal_id": "rkeEvt6xA7",
      "sentence_index": 9,
      "text": "We refer to the details of each baseline in the general response.",
      "suffix": "\n\n",
      "rebuttal_stance": "nonarg",
      "rebuttal_action": "rebuttal_summary",
      "alignment": [
        "context_sentences",
        [
          2
        ]
      ],
      "details": {}
    },
    {
      "review_id": "SygmVm7XpQ",
      "rebuttal_id": "rkeEvt6xA7",
      "sentence_index": 10,
      "text": "|      NGE         | ESS-Sims  | ESS-Sims-AF  | ESS-GM-UC | ESS-BodyShare |  RGS",
      "suffix": "\n",
      "rebuttal_stance": "nonarg",
      "rebuttal_action": "rebuttal_summary",
      "alignment": [
        "context_sentences",
        [
          2
        ]
      ],
      "details": {}
    },
    {
      "review_id": "SygmVm7XpQ",
      "rebuttal_id": "rkeEvt6xA7",
      "sentence_index": 11,
      "text": "fish         | **70.21**    |",
      "suffix": "",
      "rebuttal_stance": "nonarg",
      "rebuttal_action": "rebuttal_summary",
      "alignment": [
        "context_sentences",
        [
          2
        ]
      ],
      "details": {}
    },
    {
      "review_id": "SygmVm7XpQ",
      "rebuttal_id": "rkeEvt6xA7",
      "sentence_index": 12,
      "text": "38.32     |",
      "suffix": "",
      "rebuttal_stance": "nonarg",
      "rebuttal_action": "rebuttal_summary",
      "alignment": [
        "context_sentences",
        [
          2
        ]
      ],
      "details": {}
    },
    {
      "review_id": "SygmVm7XpQ",
      "rebuttal_id": "rkeEvt6xA7",
      "sentence_index": 13,
      "text": "51.24         |",
      "suffix": "",
      "rebuttal_stance": "nonarg",
      "rebuttal_action": "rebuttal_summary",
      "alignment": [
        "context_sentences",
        [
          2
        ]
      ],
      "details": {}
    },
    {
      "review_id": "SygmVm7XpQ",
      "rebuttal_id": "rkeEvt6xA7",
      "sentence_index": 14,
      "text": "54.40",
      "suffix": "",
      "rebuttal_stance": "nonarg",
      "rebuttal_action": "rebuttal_summary",
      "alignment": [
        "context_sentences",
        [
          2
        ]
      ],
      "details": {}
    },
    {
      "review_id": "SygmVm7XpQ",
      "rebuttal_id": "rkeEvt6xA7",
      "sentence_index": 15,
      "text": "|",
      "suffix": "",
      "rebuttal_stance": "nonarg",
      "rebuttal_action": "rebuttal_summary",
      "alignment": [
        "context_sentences",
        [
          2
        ]
      ],
      "details": {}
    },
    {
      "review_id": "SygmVm7XpQ",
      "rebuttal_id": "rkeEvt6xA7",
      "sentence_index": 16,
      "text": "54.97         |",
      "suffix": "",
      "rebuttal_stance": "nonarg",
      "rebuttal_action": "rebuttal_summary",
      "alignment": [
        "context_sentences",
        [
          2
        ]
      ],
      "details": {}
    },
    {
      "review_id": "SygmVm7XpQ",
      "rebuttal_id": "rkeEvt6xA7",
      "sentence_index": 17,
      "text": "20.96",
      "suffix": "\n",
      "rebuttal_stance": "nonarg",
      "rebuttal_action": "rebuttal_summary",
      "alignment": [
        "context_sentences",
        [
          2
        ]
      ],
      "details": {}
    },
    {
      "review_id": "SygmVm7XpQ",
      "rebuttal_id": "rkeEvt6xA7",
      "sentence_index": 18,
      "text": "Walker   |",
      "suffix": "",
      "rebuttal_stance": "nonarg",
      "rebuttal_action": "rebuttal_summary",
      "alignment": [
        "context_sentences",
        [
          2
        ]
      ],
      "details": {}
    },
    {
      "review_id": "SygmVm7XpQ",
      "rebuttal_id": "rkeEvt6xA7",
      "sentence_index": 19,
      "text": "**4157.9** |",
      "suffix": "",
      "rebuttal_stance": "nonarg",
      "rebuttal_action": "rebuttal_summary",
      "alignment": [
        "context_sentences",
        [
          2
        ]
      ],
      "details": {}
    },
    {
      "review_id": "SygmVm7XpQ",
      "rebuttal_id": "rkeEvt6xA7",
      "sentence_index": 20,
      "text": "1804.4   |",
      "suffix": "",
      "rebuttal_stance": "nonarg",
      "rebuttal_action": "rebuttal_summary",
      "alignment": [
        "context_sentences",
        [
          2
        ]
      ],
      "details": {}
    },
    {
      "review_id": "SygmVm7XpQ",
      "rebuttal_id": "rkeEvt6xA7",
      "sentence_index": 21,
      "text": "2486.9        |",
      "suffix": "",
      "rebuttal_stance": "nonarg",
      "rebuttal_action": "rebuttal_summary",
      "alignment": [
        "context_sentences",
        [
          2
        ]
      ],
      "details": {}
    },
    {
      "review_id": "SygmVm7XpQ",
      "rebuttal_id": "rkeEvt6xA7",
      "sentence_index": 22,
      "text": "2458.19   |",
      "suffix": "",
      "rebuttal_stance": "nonarg",
      "rebuttal_action": "rebuttal_summary",
      "alignment": [
        "context_sentences",
        [
          2
        ]
      ],
      "details": {}
    },
    {
      "review_id": "SygmVm7XpQ",
      "rebuttal_id": "rkeEvt6xA7",
      "sentence_index": 23,
      "text": "2185.1        |",
      "suffix": "",
      "rebuttal_stance": "nonarg",
      "rebuttal_action": "rebuttal_summary",
      "alignment": [
        "context_sentences",
        [
          2
        ]
      ],
      "details": {}
    },
    {
      "review_id": "SygmVm7XpQ",
      "rebuttal_id": "rkeEvt6xA7",
      "sentence_index": 24,
      "text": "1777.3",
      "suffix": "\n\n",
      "rebuttal_stance": "nonarg",
      "rebuttal_action": "rebuttal_summary",
      "alignment": [
        "context_sentences",
        [
          2
        ]
      ],
      "details": {}
    },
    {
      "review_id": "SygmVm7XpQ",
      "rebuttal_id": "rkeEvt6xA7",
      "sentence_index": 25,
      "text": "The results show that NGE is significantly better than previous approaches and baselines.",
      "suffix": "",
      "rebuttal_stance": "nonarg",
      "rebuttal_action": "rebuttal_summary",
      "alignment": [
        "context_sentences",
        [
          2
        ]
      ],
      "details": {}
    },
    {
      "review_id": "SygmVm7XpQ",
      "rebuttal_id": "rkeEvt6xA7",
      "sentence_index": 26,
      "text": "We did an ablation study by sequentially adding each sub-module of NGE separately.",
      "suffix": "",
      "rebuttal_stance": "nonarg",
      "rebuttal_action": "rebuttal_summary",
      "alignment": [
        "context_sentences",
        [
          2
        ]
      ],
      "details": {}
    },
    {
      "review_id": "SygmVm7XpQ",
      "rebuttal_id": "rkeEvt6xA7",
      "sentence_index": 27,
      "text": "The table shows that submodules are effective and increase the performance of graph search.",
      "suffix": "\n\n",
      "rebuttal_stance": "nonarg",
      "rebuttal_action": "rebuttal_summary",
      "alignment": [
        "context_sentences",
        [
          2
        ]
      ],
      "details": {}
    },
    {
      "review_id": "SygmVm7XpQ",
      "rebuttal_id": "rkeEvt6xA7",
      "sentence_index": 28,
      "text": "Q2: a) Optimizing both the controller and the hardware has been previously studied in the literature.",
      "suffix": "",
      "rebuttal_stance": "nonarg",
      "rebuttal_action": "rebuttal_structuring",
      "alignment": [
        "context_sentences",
        [
          3,
          4,
          5,
          6
        ]
      ],
      "details": {}
    },
    {
      "review_id": "SygmVm7XpQ",
      "rebuttal_id": "rkeEvt6xA7",
      "sentence_index": 29,
      "text": "Is it worth using a neural graph?",
      "suffix": "",
      "rebuttal_stance": "nonarg",
      "rebuttal_action": "rebuttal_structuring",
      "alignment": [
        "context_sentences",
        [
          3,
          4,
          5,
          6
        ]
      ],
      "details": {}
    },
    {
      "review_id": "SygmVm7XpQ",
      "rebuttal_id": "rkeEvt6xA7",
      "sentence_index": 30,
      "text": "b) All algorithms should optimize both G and theta for a fair comparison.",
      "suffix": "\n\n",
      "rebuttal_stance": "nonarg",
      "rebuttal_action": "rebuttal_structuring",
      "alignment": [
        "context_sentences",
        [
          3,
          4,
          5,
          6
        ]
      ],
      "details": {}
    },
    {
      "review_id": "SygmVm7XpQ",
      "rebuttal_id": "rkeEvt6xA7",
      "sentence_index": 31,
      "text": "By \u201coptimizing both G and theta\u201d, we meant to indicate that the learned controllers can be transferred to the next generation even if the topologies are changed (instead of throwing away old controllers).",
      "suffix": "",
      "rebuttal_stance": "dispute",
      "rebuttal_action": "rebuttal_reject-criticism",
      "alignment": [
        "context_sentences",
        [
          3,
          4,
          5,
          6
        ]
      ],
      "details": {}
    },
    {
      "review_id": "SygmVm7XpQ",
      "rebuttal_id": "rkeEvt6xA7",
      "sentence_index": 32,
      "text": "We note that only NGE among all the baselines has the ability to do that.",
      "suffix": "",
      "rebuttal_stance": "dispute",
      "rebuttal_action": "rebuttal_reject-criticism",
      "alignment": [
        "context_sentences",
        [
          3,
          4,
          5,
          6
        ]
      ],
      "details": {}
    },
    {
      "review_id": "SygmVm7XpQ",
      "rebuttal_id": "rkeEvt6xA7",
      "sentence_index": 33,
      "text": "Graph neural network formulation is KEY here, enabling it to perform this efficient policy transfer.",
      "suffix": "\n",
      "rebuttal_stance": "dispute",
      "rebuttal_action": "rebuttal_reject-criticism",
      "alignment": [
        "context_sentences",
        [
          3,
          4,
          5,
          6
        ]
      ],
      "details": {}
    },
    {
      "review_id": "SygmVm7XpQ",
      "rebuttal_id": "rkeEvt6xA7",
      "sentence_index": 34,
      "text": "To the best of our knowledge, the traditional methods require re-optimizing theta from scratch for each different topology, which is computationally demanding and breaks the joint-optimization.",
      "suffix": "\n",
      "rebuttal_stance": "dispute",
      "rebuttal_action": "rebuttal_reject-criticism",
      "alignment": [
        "context_sentences",
        [
          3,
          4,
          5,
          6
        ]
      ],
      "details": {}
    },
    {
      "review_id": "SygmVm7XpQ",
      "rebuttal_id": "rkeEvt6xA7",
      "sentence_index": 35,
      "text": "NGE approximately doubles the performance of previous approach (Sims, 1994) as shown in Q1.",
      "suffix": "\n\n",
      "rebuttal_stance": "dispute",
      "rebuttal_action": "rebuttal_reject-criticism",
      "alignment": [
        "context_sentences",
        [
          3,
          4,
          5,
          6
        ]
      ],
      "details": {}
    },
    {
      "review_id": "SygmVm7XpQ",
      "rebuttal_id": "rkeEvt6xA7",
      "sentence_index": 36,
      "text": "Please refer to Section 3.1 and Section 3.4 for more details.",
      "suffix": "\n\n",
      "rebuttal_stance": "nonarg",
      "rebuttal_action": "rebuttal_structuring",
      "alignment": [
        "context_sentences",
        [
          3,
          4,
          5,
          6
        ]
      ],
      "details": {}
    },
    {
      "review_id": "SygmVm7XpQ",
      "rebuttal_id": "rkeEvt6xA7",
      "sentence_index": 37,
      "text": "Q3: You should use an existing ES implementation (e.g., from some well-known package) instead of a naive implementation, and as additional baseline also CMA-ES.",
      "suffix": "\n\n",
      "rebuttal_stance": "nonarg",
      "rebuttal_action": "rebuttal_structuring",
      "alignment": [
        "context_sentences",
        [
          7
        ]
      ],
      "details": {}
    },
    {
      "review_id": "SygmVm7XpQ",
      "rebuttal_id": "rkeEvt6xA7",
      "sentence_index": 38,
      "text": "Again, we apologize for the confusing use of \u201cES\u201d abbreviation.",
      "suffix": "",
      "rebuttal_stance": "concur",
      "rebuttal_action": "rebuttal_concede-criticism",
      "alignment": [
        "context_sentences",
        [
          7
        ]
      ],
      "details": {}
    },
    {
      "review_id": "SygmVm7XpQ",
      "rebuttal_id": "rkeEvt6xA7",
      "sentence_index": 39,
      "text": "Evolutionary strategy is not used in the paper.",
      "suffix": "",
      "rebuttal_stance": "dispute",
      "rebuttal_action": "rebuttal_refute-question",
      "alignment": [
        "context_sentences",
        [
          7
        ]
      ],
      "details": {}
    },
    {
      "review_id": "SygmVm7XpQ",
      "rebuttal_id": "rkeEvt6xA7",
      "sentence_index": 40,
      "text": "We invite the reviewer to re-read our paper, since it seems to have led to a major misunderstanding.",
      "suffix": "\n",
      "rebuttal_stance": "nonarg",
      "rebuttal_action": "rebuttal_social",
      "alignment": [
        "context_sentences",
        [
          7
        ]
      ],
      "details": {}
    },
    {
      "review_id": "SygmVm7XpQ",
      "rebuttal_id": "rkeEvt6xA7",
      "sentence_index": 41,
      "text": "CMA-ES updates and utilize the covariance matrix of sampling distribution, which is not directly applicable to discrete structure optimization.",
      "suffix": "",
      "rebuttal_stance": "dispute",
      "rebuttal_action": "rebuttal_reject-request",
      "alignment": [
        "context_sentences",
        [
          7
        ]
      ],
      "details": {
        "request_out_of_scope": true
      }
    },
    {
      "review_id": "SygmVm7XpQ",
      "rebuttal_id": "rkeEvt6xA7",
      "sentence_index": 42,
      "text": "We believe it will be a valuable future research direction.",
      "suffix": "\n\n",
      "rebuttal_stance": "concur",
      "rebuttal_action": "rebuttal_future",
      "alignment": [
        "context_sentences",
        [
          7
        ]
      ],
      "details": {}
    },
    {
      "review_id": "SygmVm7XpQ",
      "rebuttal_id": "rkeEvt6xA7",
      "sentence_index": 43,
      "text": "Q4: Providing the same computational budget seem rather arbitrary and depends on implementation.",
      "suffix": "\n\n",
      "rebuttal_stance": "nonarg",
      "rebuttal_action": "rebuttal_structuring",
      "alignment": [
        "context_sentences",
        [
          31
        ]
      ],
      "details": {}
    },
    {
      "review_id": "SygmVm7XpQ",
      "rebuttal_id": "rkeEvt6xA7",
      "sentence_index": 44,
      "text": "We are unsure what the reviewer is indicating, and would appreciate the additional clarification.",
      "suffix": "\n",
      "rebuttal_stance": "nonarg",
      "rebuttal_action": "rebuttal_followup",
      "alignment": [
        "context_sentences",
        [
          31
        ]
      ],
      "details": {}
    },
    {
      "review_id": "SygmVm7XpQ",
      "rebuttal_id": "rkeEvt6xA7",
      "sentence_index": 45,
      "text": "In terms of the computational budget for each experiment, we compared different algorithms under different computational budget metrics, more specifically,  \u201cwall-clock time\u201d, \u201cnumber of updates\u201d, and the \u201cfinal converged performance\u201d.",
      "suffix": "",
      "rebuttal_stance": "concur",
      "rebuttal_action": "rebuttal_answer",
      "alignment": [
        "context_sentences",
        [
          31
        ]
      ],
      "details": {}
    },
    {
      "review_id": "SygmVm7XpQ",
      "rebuttal_id": "rkeEvt6xA7",
      "sentence_index": 46,
      "text": "NGE performs best among all algorithms.",
      "suffix": "\n",
      "rebuttal_stance": "concur",
      "rebuttal_action": "rebuttal_answer",
      "alignment": [
        "context_sentences",
        [
          31
        ]
      ],
      "details": {}
    },
    {
      "review_id": "SygmVm7XpQ",
      "rebuttal_id": "rkeEvt6xA7",
      "sentence_index": 47,
      "text": "We emphasize the fact that wall-clock time is a more common and realistic metric for comparing the structure search in practice.",
      "suffix": "\n\n",
      "rebuttal_stance": "concur",
      "rebuttal_action": "rebuttal_answer",
      "alignment": [
        "context_sentences",
        [
          31
        ]
      ],
      "details": {}
    },
    {
      "review_id": "SygmVm7XpQ",
      "rebuttal_id": "rkeEvt6xA7",
      "sentence_index": 48,
      "text": "We agree that computational budget depends on implementation, and the curves in the paper are plotted based on the number of iterations/parameter update, which is independent of the implementation.",
      "suffix": "\n\n",
      "rebuttal_stance": "concur",
      "rebuttal_action": "rebuttal_answer",
      "alignment": [
        "context_sentences",
        [
          31
        ]
      ],
      "details": {}
    },
    {
      "review_id": "SygmVm7XpQ",
      "rebuttal_id": "rkeEvt6xA7",
      "sentence_index": 49,
      "text": "Q5: The writing of the paper",
      "suffix": "\n\n",
      "rebuttal_stance": "nonarg",
      "rebuttal_action": "rebuttal_structuring",
      "alignment": [
        "context_sentences",
        [
          15,
          22
        ]
      ],
      "details": {}
    },
    {
      "review_id": "SygmVm7XpQ",
      "rebuttal_id": "rkeEvt6xA7",
      "sentence_index": 50,
      "text": "We sincerely thank the reviewer for the suggestions.",
      "suffix": "",
      "rebuttal_stance": "nonarg",
      "rebuttal_action": "rebuttal_social",
      "alignment": [
        "context_sentences",
        [
          15,
          22
        ]
      ],
      "details": {}
    },
    {
      "review_id": "SygmVm7XpQ",
      "rebuttal_id": "rkeEvt6xA7",
      "sentence_index": 51,
      "text": "We updated the changes in the latest version accordingly.",
      "suffix": "",
      "rebuttal_stance": "concur",
      "rebuttal_action": "rebuttal_done",
      "alignment": [
        "context_sentences",
        [
          15,
          22
        ]
      ],
      "details": {
        "request_out_of_scope": true
      }
    }
  ]
}